investor_id,sip_count,first_sip_date,latest_sip_date,total_sip_amount,avg_sip_amount,avg_gap_days,max_gap_days,std_gap_days,is_at_risk,retention_status
INV000004,6,2024-03-16,2025-05-17,48256,8042.67,85.4,265.0,101.37,True,At-Risk
INV000008,6,2024-05-27,2025-05-14,72853,12142.17,70.4,165.0,59.48,True,At-Risk
INV000010,6,2024-04-11,2025-03-01,32183,5363.83,64.8,139.0,50.79,True,At-Risk
INV000011,7,2024-01-03,2024-08-31,93920,13417.14,40.17,125.0,43.77,True,At-Risk
INV000012,8,2024-03-27,2025-04-30,40139,5017.38,57.0,132.0,43.04,True,At-Risk
INV000013,7,2024-04-18,2025-03-16,75613,10801.86,55.33,104.0,44.47,True,At-Risk
INV000014,7,2024-02-23,2025-05-20,140315,20045.0,75.33,128.0,42.2,True,At-Risk
INV000023,8,2024-03-21,2025-05-05,202529,25316.12,58.57,115.0,36.56,True,At-Risk
INV000028,6,2024-02-07,2025-05-20,84262,14043.67,93.6,238.0,85.98,True,At-Risk
INV000029,7,2024-05-16,2025-05-15,90012,12858.86,60.67,96.0,32.99,True,At-Risk
INV000030,9,2024-02-19,2025-03-06,76470,8496.67,47.62,100.0,34.6,True,At-Risk
INV000033,8,2024-06-24,2025-05-09,46033,5754.12,45.57,87.0,31.35,True,At-Risk
INV000039,6,2024-04-27,2025-04-05,99338,16556.33,68.6,129.0,41.72,True,At-Risk
INV000045,6,2024-03-13,2025-03-01,114438,19073.0,70.6,109.0,36.98,True,At-Risk
INV000048,9,2024-03-27,2025-03-30,40327,4480.78,46.0,168.0,51.88,True,At-Risk
INV000052,6,2024-03-31,2024-09-28,24378,4063.0,36.2,120.0,49.26,True,At-Risk
INV000056,6,2024-01-10,2025-01-18,60977,10162.83,74.8,161.0,48.98,True,At-Risk
INV000057,8,2024-04-30,2025-04-13,90907,11363.38,49.71,149.0,48.54,True,At-Risk
INV000069,10,2024-02-14,2025-05-01,156054,15605.4,49.11,129.0,36.86,True,At-Risk
INV000072,6,2024-03-24,2025-05-13,49372,8228.67,83.0,247.0,93.34,True,At-Risk
INV000073,9,2024-03-20,2025-04-10,113509,12612.11,48.25,112.0,33.55,True,At-Risk
INV000074,8,2024-01-08,2025-05-30,106669,13333.62,72.57,191.0,67.99,True,At-Risk
INV000075,6,2024-05-01,2025-05-10,147761,24626.83,74.8,102.0,21.96,True,At-Risk
INV000076,6,2024-02-06,2025-05-10,50910,8485.0,91.8,203.0,79.31,True,At-Risk
INV000079,6,2024-06-02,2025-04-27,42160,7026.67,65.8,90.0,33.24,True,At-Risk
INV000081,7,2024-01-01,2025-05-03,54704,7814.86,81.33,167.0,48.65,True,At-Risk
INV000082,7,2024-01-09,2025-05-25,27594,3942.0,83.67,351.0,132.75,True,At-Risk
INV000086,10,2024-02-05,2025-03-13,81221,8122.1,44.67,167.0,50.88,True,At-Risk
INV000087,6,2024-02-20,2025-05-29,105288,17548.0,92.8,202.0,68.76,True,At-Risk
INV000091,8,2024-01-04,2024-11-07,55134,6891.75,44.0,105.0,43.14,True,At-Risk
INV000093,7,2024-01-30,2024-12-28,141515,20216.43,55.5,91.0,25.47,True,At-Risk
INV000094,6,2024-04-04,2024-11-14,49928,8321.33,44.8,95.0,45.45,True,At-Risk
INV000095,6,2024-04-19,2025-04-01,92823,15470.5,69.4,155.0,50.07,True,At-Risk
INV000097,7,2024-05-10,2025-04-02,155107,22158.14,54.5,183.0,70.57,True,At-Risk
INV000101,8,2024-02-08,2025-05-08,112802,14100.25,65.0,197.0,64.97,True,At-Risk
INV000102,8,2024-02-11,2025-05-13,114074,14259.25,65.29,109.0,41.94,True,At-Risk
INV000103,6,2024-02-08,2025-03-31,20675,3445.83,83.4,232.0,87.47,True,At-Risk
INV000105,8,2024-01-02,2025-02-04,86911,10863.88,57.0,87.0,23.94,True,At-Risk
INV000109,9,2024-02-29,2025-03-05,67651,7516.78,46.25,63.0,20.64,True,At-Risk
INV000113,8,2024-02-11,2024-12-29,84349,10543.62,46.0,144.0,48.84,True,At-Risk
INV000123,7,2024-03-28,2025-03-21,113633,16233.29,59.67,142.0,54.25,True,At-Risk
INV000128,6,2024-03-19,2025-05-03,38273,6378.83,82.0,181.0,74.24,True,At-Risk
INV000131,7,2024-04-05,2025-03-07,102201,14600.14,56.0,123.0,36.33,True,At-Risk
INV000132,6,2024-05-12,2025-05-02,88403,14733.83,71.0,139.0,49.26,True,At-Risk
INV000133,6,2024-02-15,2025-05-01,74695,12449.17,88.2,265.0,106.1,True,At-Risk
INV000138,6,2024-05-06,2025-05-22,156066,26011.0,76.2,220.0,87.87,True,At-Risk
INV000145,6,2024-02-17,2025-05-09,127034,21172.33,89.4,282.0,110.07,True,At-Risk
INV000146,6,2024-02-12,2025-01-11,88618,14769.67,66.8,171.0,71.09,True,At-Risk
INV000148,9,2024-03-11,2025-05-01,90012,10001.33,52.0,168.0,54.81,True,At-Risk
INV000155,7,2024-06-18,2025-01-28,57530,8218.57,37.33,99.0,36.34,True,At-Risk
INV000161,7,2024-02-23,2025-05-06,44287,6326.71,73.0,213.0,71.0,True,At-Risk
INV000163,8,2024-01-06,2025-03-08,58271,7283.88,61.0,80.0,19.2,True,At-Risk
INV000164,6,2024-04-17,2025-02-20,25253,4208.83,61.8,208.0,82.25,True,At-Risk
INV000169,7,2024-03-17,2025-04-28,48708,6958.29,67.83,145.0,55.14,True,At-Risk
INV000173,7,2024-04-18,2025-03-30,78387,11198.14,57.67,165.0,55.34,True,At-Risk
INV000175,7,2024-01-12,2025-05-28,71320,10188.57,83.67,170.0,62.24,True,At-Risk
INV000177,8,2024-01-16,2025-04-18,51520,6440.0,65.43,278.0,94.96,True,At-Risk
INV000180,6,2024-05-07,2025-03-12,15924,2654.0,61.8,229.0,94.46,True,At-Risk
INV000183,9,2024-02-20,2025-05-14,86040,9560.0,56.12,216.0,70.96,True,At-Risk
INV000191,7,2024-04-12,2025-03-17,68656,9808.0,56.5,161.0,61.22,True,At-Risk
INV000194,7,2024-05-23,2025-05-06,61857,8836.71,58.0,109.0,27.24,True,At-Risk
INV000195,6,2024-04-08,2025-04-30,21739,3623.17,77.4,114.0,41.4,True,At-Risk
INV000196,7,2024-03-17,2025-05-05,80685,11526.43,69.0,176.0,68.37,True,At-Risk
INV000201,9,2024-01-17,2025-03-01,98278,10919.78,51.12,100.0,31.16,True,At-Risk
INV000205,8,2024-01-27,2025-04-09,72091,9011.38,62.57,193.0,68.84,True,At-Risk
INV000210,8,2024-01-14,2025-05-23,93572,11696.5,70.71,163.0,53.75,True,At-Risk
INV000214,6,2024-01-11,2025-04-29,67357,11226.17,94.8,306.0,119.7,True,At-Risk
INV000217,6,2024-02-04,2025-05-09,44146,7357.67,92.0,183.0,75.48,True,At-Risk
INV000228,9,2024-01-10,2025-05-02,239176,26575.11,59.75,188.0,60.39,True,At-Risk
INV000236,8,2024-01-18,2025-05-02,112217,14027.12,67.14,112.0,33.17,True,At-Risk
INV000238,6,2024-02-08,2025-05-21,146422,24403.67,93.6,287.0,108.64,True,At-Risk
INV000239,8,2024-04-16,2025-03-24,161292,20161.5,48.86,105.0,29.4,True,At-Risk
INV000243,6,2024-01-25,2025-04-10,58145,9690.83,88.2,137.0,50.81,True,At-Risk
INV000245,6,2024-02-08,2025-05-14,46023,7670.5,92.2,164.0,49.51,True,At-Risk
INV000249,7,2024-04-09,2025-01-07,194759,27822.71,45.5,162.0,58.97,True,At-Risk
INV000252,6,2024-01-25,2024-10-03,103128,17188.0,50.4,96.0,43.82,True,At-Risk
INV000255,6,2024-03-05,2024-11-03,34653,5775.5,48.6,103.0,41.79,True,At-Risk
INV000256,6,2024-03-02,2025-02-16,31902,5317.0,70.2,155.0,68.61,True,At-Risk
INV000259,6,2024-01-25,2025-01-12,81938,13656.33,70.6,165.0,63.01,True,At-Risk
INV000260,8,2024-01-08,2025-02-28,139633,17454.12,59.57,206.0,68.26,True,At-Risk
INV000262,8,2024-04-18,2025-04-28,47209,5901.12,53.57,122.0,51.71,True,At-Risk
INV000263,8,2024-01-11,2025-05-04,157678,19709.75,68.43,271.0,95.62,True,At-Risk
INV000265,10,2024-01-25,2025-05-20,203433,20343.3,53.44,140.0,55.64,True,At-Risk
INV000268,7,2024-01-22,2025-01-30,79605,11372.14,62.33,143.0,44.03,True,At-Risk
INV000279,9,2024-03-01,2025-02-11,61623,6847.0,43.38,133.0,45.12,True,At-Risk
INV000280,9,2024-01-22,2025-04-12,145194,16132.67,55.75,191.0,59.27,True,At-Risk
INV000283,6,2024-02-11,2025-01-16,24362,4060.33,68.0,195.0,73.21,True,At-Risk
INV000287,7,2024-01-17,2025-03-11,64351,9193.0,69.83,301.0,114.76,True,At-Risk
INV000289,8,2024-01-21,2025-04-04,81640,10205.0,62.71,142.0,45.01,True,At-Risk
INV000291,6,2024-02-13,2025-05-03,76178,12696.33,89.0,196.0,76.93,True,At-Risk
INV000292,7,2024-05-13,2025-02-13,123656,17665.14,46.0,95.0,32.97,True,At-Risk
INV000293,7,2024-01-09,2024-10-17,70574,10082.0,47.0,91.0,33.95,True,At-Risk
INV000297,6,2024-02-01,2025-04-29,22338,3723.0,90.6,163.0,58.14,True,At-Risk
INV000299,6,2024-03-22,2025-05-22,45557,7592.83,85.2,240.0,92.58,True,At-Risk
INV000304,7,2024-02-01,2025-03-27,79554,11364.86,70.0,204.0,76.51,True,At-Risk
INV000309,8,2024-01-08,2025-01-06,63146,7893.25,52.0,157.0,53.02,True,At-Risk
INV000310,7,2024-02-25,2025-05-25,46368,6624.0,75.83,164.0,56.03,True,At-Risk
INV000318,6,2024-01-29,2025-05-30,69726,11621.0,97.4,175.0,53.06,True,At-Risk
INV000319,7,2024-02-17,2025-05-03,40143,5734.71,73.5,201.0,70.54,True,At-Risk
INV000321,7,2024-01-03,2025-03-15,91225,13032.14,72.83,204.0,67.58,True,At-Risk
INV000328,9,2024-03-09,2025-01-03,64273,7141.44,37.5,73.0,23.19,True,At-Risk
INV000331,8,2024-01-23,2025-01-12,124378,15547.25,50.71,163.0,52.47,True,At-Risk
INV000334,7,2024-07-06,2024-12-06,43720,6245.71,25.5,60.0,22.68,False,Healthy Cadence
INV000335,6,2024-01-25,2025-05-19,68848,11474.67,96.0,279.0,105.92,True,At-Risk
INV000339,6,2024-02-15,2025-05-30,74556,12426.0,94.0,195.0,78.98,True,At-Risk
INV000341,8,2024-02-18,2025-03-05,76460,9557.5,54.43,191.0,76.73,True,At-Risk
INV000356,6,2024-06-13,2025-03-12,72865,12144.17,54.4,157.0,61.66,True,At-Risk
INV000359,9,2024-02-19,2025-04-27,93451,10383.44,54.12,197.0,61.84,True,At-Risk
INV000363,7,2024-02-12,2025-05-19,59677,8525.29,77.0,153.0,50.99,True,At-Risk
INV000369,6,2024-03-06,2024-10-11,22654,3775.67,43.8,112.0,41.23,True,At-Risk
INV000371,8,2024-01-18,2025-03-08,71985,8998.12,59.29,147.0,54.91,True,At-Risk
INV000372,7,2024-03-03,2025-01-24,89873,12839.0,54.5,121.0,48.69,True,At-Risk
INV000380,6,2024-01-18,2025-05-17,72700,12116.67,97.0,272.0,102.69,True,At-Risk
INV000388,9,2024-02-27,2025-05-01,109420,12157.78,53.62,119.0,38.13,True,At-Risk
INV000392,7,2024-02-10,2025-05-18,39530,5647.14,77.17,205.0,80.13,True,At-Risk
INV000395,7,2024-04-13,2025-03-13,23004,3286.29,55.67,119.0,48.78,True,At-Risk
INV000396,6,2024-01-24,2025-03-15,46049,7674.83,83.2,153.0,62.02,True,At-Risk
INV000399,10,2024-01-08,2025-03-29,58193,5819.3,49.56,68.0,19.74,True,At-Risk
INV000400,6,2024-05-01,2025-03-10,21256,3542.67,62.6,101.0,33.17,True,At-Risk
INV000403,6,2024-05-30,2025-03-17,74178,12363.0,58.2,90.0,33.45,True,At-Risk
INV000407,6,2024-02-03,2025-03-21,112123,18687.17,82.4,157.0,52.8,True,At-Risk
INV000408,6,2024-04-15,2024-12-05,47374,7895.67,46.8,125.0,48.96,True,At-Risk
INV000412,8,2024-07-06,2025-05-08,87441,10930.12,43.71,70.0,23.04,True,At-Risk
INV000414,8,2024-01-12,2025-04-20,95455,11931.88,66.29,233.0,76.75,True,At-Risk
INV000415,7,2024-03-30,2025-05-01,42775,6110.71,66.17,128.0,53.77,True,At-Risk
INV000418,6,2024-01-16,2025-03-25,113497,18916.17,86.8,238.0,96.78,True,At-Risk
INV000427,7,2024-02-04,2025-03-21,106145,15163.57,68.5,116.0,52.83,True,At-Risk
INV000428,8,2024-01-01,2024-12-31,54350,6793.75,52.14,164.0,54.81,True,At-Risk
INV000429,6,2024-01-22,2025-02-11,117284,19547.33,77.2,187.0,69.87,True,At-Risk
INV000437,6,2024-01-01,2025-05-04,32739,5456.5,97.8,295.0,115.46,True,At-Risk
INV000440,8,2024-01-17,2025-05-18,33647,4205.88,69.57,162.0,61.09,True,At-Risk
INV000441,6,2024-06-28,2025-04-28,45638,7606.33,60.8,151.0,56.83,True,At-Risk
INV000444,6,2024-04-26,2025-04-27,76737,12789.5,73.2,129.0,40.75,True,At-Risk
INV000445,9,2024-01-24,2025-04-30,52898,5877.56,57.75,129.0,34.48,True,At-Risk
INV000446,6,2024-02-13,2024-08-24,31195,5199.17,38.6,101.0,41.92,True,At-Risk
INV000449,6,2024-06-13,2025-02-02,59567,9927.83,46.8,70.0,19.03,True,At-Risk
INV000452,9,2024-03-09,2025-04-08,84270,9363.33,49.38,123.0,35.84,True,At-Risk
INV000457,6,2024-02-25,2025-05-27,32725,5454.17,91.4,256.0,103.93,True,At-Risk
INV000460,6,2024-03-02,2024-10-05,35369,5894.83,43.4,107.0,44.66,True,At-Risk
INV000463,7,2024-01-09,2025-02-03,144163,20594.71,65.17,181.0,60.39,True,At-Risk
INV000466,7,2024-01-26,2025-04-10,125151,17878.71,73.33,135.0,55.15,True,At-Risk
INV000467,10,2024-01-01,2025-05-25,65408,6540.8,56.67,272.0,86.17,True,At-Risk
INV000469,7,2024-03-30,2025-05-27,34180,4882.86,70.5,183.0,67.85,True,At-Risk
INV000483,8,2024-01-18,2025-05-25,142115,17764.38,70.43,252.0,83.8,True,At-Risk
INV000491,6,2024-02-02,2025-05-22,43008,7168.0,95.0,202.0,75.31,True,At-Risk
INV000493,10,2024-03-01,2025-05-03,130085,13008.5,47.56,201.0,60.88,True,At-Risk
INV000497,7,2024-03-23,2025-05-28,72087,10298.14,71.83,191.0,73.22,True,At-Risk
INV000499,7,2024-01-28,2025-05-09,127344,18192.0,77.83,157.0,54.03,True,At-Risk
INV000507,7,2024-02-27,2025-04-23,58920,8417.14,70.17,249.0,91.81,True,At-Risk
INV000512,9,2024-02-18,2025-05-01,73426,8158.44,54.75,112.0,43.01,True,At-Risk
INV000522,6,2024-01-12,2025-05-30,28275,4712.5,100.8,309.0,118.7,True,At-Risk
INV000524,7,2024-06-19,2025-05-15,118571,16938.71,55.0,91.0,32.09,True,At-Risk
INV000527,6,2024-09-07,2025-05-19,115570,19261.67,50.8,116.0,49.76,True,At-Risk
INV000529,6,2024-06-08,2025-03-31,23027,3837.83,59.2,110.0,42.68,True,At-Risk
INV000531,7,2024-07-19,2025-04-27,151584,21654.86,47.0,82.0,32.19,True,At-Risk
INV000539,7,2024-01-26,2025-05-02,107371,15338.71,77.0,153.0,64.85,True,At-Risk
INV000540,7,2024-02-19,2025-05-05,78276,11182.29,73.5,123.0,33.77,True,At-Risk
INV000543,7,2024-01-11,2025-05-27,162711,23244.43,83.67,218.0,77.39,True,At-Risk
INV000545,6,2024-03-27,2025-05-04,48548,8091.33,80.6,181.0,66.25,True,At-Risk
INV000546,9,2024-01-14,2025-03-29,92002,10222.44,55.0,154.0,60.93,True,At-Risk
INV000547,6,2024-03-15,2024-12-19,37135,6189.17,55.8,140.0,49.22,True,At-Risk
INV000549,6,2024-01-19,2025-05-14,86784,14464.0,96.2,146.0,51.53,True,At-Risk
INV000553,6,2024-04-22,2025-04-17,54698,9116.33,72.0,172.0,62.5,True,At-Risk
INV000554,6,2024-02-18,2025-02-03,56741,9456.83,70.2,171.0,64.82,True,At-Risk
INV000556,8,2024-03-07,2025-03-09,126416,15802.0,52.43,156.0,49.11,True,At-Risk
INV000562,6,2024-03-08,2025-03-15,48292,8048.67,74.4,197.0,90.55,True,At-Risk
INV000563,7,2024-02-13,2025-05-16,59358,8479.71,76.33,198.0,69.11,True,At-Risk
INV000566,7,2024-08-24,2025-03-22,120009,17144.14,35.0,119.0,43.04,False,Healthy Cadence
INV000567,6,2024-05-14,2025-03-29,33277,5546.17,63.8,166.0,74.78,True,At-Risk
INV000568,6,2024-03-13,2025-01-19,106953,17825.5,62.4,180.0,72.44,True,At-Risk
INV000570,8,2024-02-12,2025-05-28,136242,17030.25,67.29,186.0,63.27,True,At-Risk
INV000573,7,2024-01-27,2024-11-27,114632,16376.0,50.83,154.0,52.34,True,At-Risk
INV000575,6,2024-03-17,2025-03-10,43192,7198.67,71.6,155.0,66.23,True,At-Risk
INV000578,7,2024-04-21,2025-05-27,91996,13142.29,66.83,164.0,59.91,True,At-Risk
INV000581,7,2024-01-30,2025-05-14,58863,8409.0,78.33,160.0,63.25,True,At-Risk
INV000586,7,2024-01-23,2024-10-16,138122,19731.71,44.5,111.0,35.88,True,At-Risk
INV000589,9,2024-02-01,2025-05-19,69345,7705.0,59.12,90.0,30.06,True,At-Risk
INV000591,7,2024-04-15,2025-05-07,15867,2266.71,64.5,112.0,42.38,True,At-Risk
INV000593,6,2024-03-27,2025-04-02,31078,5179.67,74.2,179.0,66.78,True,At-Risk
INV000596,9,2024-02-01,2025-03-21,169915,18879.44,51.75,140.0,48.46,True,At-Risk
INV000597,6,2024-02-03,2025-04-21,82488,13748.0,88.6,198.0,77.14,True,At-Risk
INV000599,7,2024-01-13,2025-05-16,103758,14822.57,81.5,171.0,58.9,True,At-Risk
INV000607,7,2024-01-14,2025-02-17,38693,5527.57,66.67,209.0,82.82,True,At-Risk
INV000608,6,2024-01-09,2025-05-24,45475,7579.17,100.2,324.0,130.93,True,At-Risk
INV000609,6,2024-01-01,2024-08-23,44212,7368.67,47.0,87.0,35.7,True,At-Risk
INV000612,11,2024-01-16,2025-05-23,123648,11240.73,49.3,169.0,49.26,True,At-Risk
INV000615,7,2024-03-15,2025-02-13,29577,4225.29,55.83,139.0,57.71,True,At-Risk
INV000624,7,2024-01-31,2024-08-08,131937,18848.14,31.67,53.0,18.5,False,Healthy Cadence
INV000625,6,2024-03-22,2025-05-28,23397,3899.5,86.4,134.0,33.58,True,At-Risk
INV000630,7,2024-01-31,2025-03-18,55182,7883.14,68.67,161.0,56.22,True,At-Risk
INV000631,6,2024-03-06,2024-12-01,45319,7553.17,54.0,145.0,59.22,True,At-Risk
INV000634,9,2024-01-22,2025-03-15,98595,10955.0,52.25,147.0,43.34,True,At-Risk
INV000635,6,2024-03-13,2025-03-23,30163,5027.17,75.0,240.0,95.64,True,At-Risk
INV000641,6,2024-08-03,2025-05-04,92825,15470.83,54.8,126.0,53.45,True,At-Risk
INV000642,9,2024-03-19,2025-05-21,109817,12201.89,53.5,139.0,45.57,True,At-Risk
INV000645,6,2024-02-12,2025-01-07,26646,4441.0,66.0,127.0,54.37,True,At-Risk
INV000646,7,2024-05-17,2025-05-26,76212,10887.43,62.33,138.0,42.52,True,At-Risk
INV000651,6,2024-01-20,2025-05-04,34381,5730.17,94.0,304.0,130.23,True,At-Risk
INV000652,6,2024-02-09,2025-05-23,34837,5806.17,93.8,262.0,96.46,True,At-Risk
INV000657,8,2024-01-28,2025-04-25,103388,12923.5,64.71,106.0,31.53,True,At-Risk
INV000662,8,2024-01-02,2025-04-09,34238,4279.75,66.14,185.0,60.98,True,At-Risk
INV000663,6,2024-01-04,2025-04-20,83316,13886.0,94.4,247.0,94.91,True,At-Risk
INV000665,10,2024-05-22,2025-04-13,56140,5614.0,36.22,148.0,46.26,True,At-Risk
INV000667,6,2024-05-21,2025-04-26,117715,19619.17,68.0,134.0,54.11,True,At-Risk
INV000673,6,2024-01-13,2025-04-21,145533,24255.5,92.8,235.0,81.9,True,At-Risk
INV000675,6,2024-06-09,2025-04-19,23160,3860.0,62.8,155.0,63.86,True,At-Risk
INV000676,11,2024-05-10,2025-04-28,174741,15885.55,35.3,106.0,32.84,True,At-Risk
INV000678,7,2024-04-12,2025-04-27,36623,5231.86,63.33,140.0,44.74,True,At-Risk
INV000683,9,2024-01-08,2025-03-19,47678,5297.56,54.5,137.0,55.72,True,At-Risk
INV000690,8,2024-04-23,2025-05-22,169171,21146.38,56.29,134.0,37.58,True,At-Risk
INV000691,6,2024-01-27,2024-12-24,50363,8393.83,66.4,163.0,59.43,True,At-Risk
INV000698,9,2024-02-20,2025-04-13,77848,8649.78,52.25,219.0,72.61,True,At-Risk
INV000699,6,2024-03-27,2024-10-27,51568,8594.67,42.8,147.0,59.08,True,At-Risk
INV000701,7,2024-01-13,2025-05-29,51486,7355.14,83.67,298.0,107.35,True,At-Risk
INV000707,9,2024-08-07,2025-05-09,50988,5665.33,34.38,106.0,33.39,False,Healthy Cadence
INV000709,7,2024-02-07,2025-03-04,143724,20532.0,65.17,128.0,46.51,True,At-Risk
INV000710,6,2024-02-27,2025-05-15,62975,10495.83,88.6,264.0,101.25,True,At-Risk
INV000714,9,2024-06-07,2025-03-30,47519,5279.89,37.0,95.0,33.63,True,At-Risk
INV000718,7,2024-01-16,2024-12-28,52719,7531.29,57.83,118.0,47.22,True,At-Risk
INV000719,7,2024-02-29,2025-05-11,131252,18750.29,72.83,185.0,71.38,True,At-Risk
INV000724,6,2024-04-11,2025-05-22,33281,5546.83,81.2,227.0,98.37,True,At-Risk
INV000725,7,2024-03-14,2025-04-24,89962,12851.71,67.67,92.0,22.22,True,At-Risk
INV000734,8,2024-02-22,2025-05-15,108076,13509.5,64.0,180.0,63.31,True,At-Risk
INV000737,6,2024-01-31,2025-05-08,146341,24390.17,92.6,168.0,45.0,True,At-Risk
INV000747,6,2024-01-25,2025-03-23,86939,14489.83,84.6,205.0,94.4,True,At-Risk
INV000750,9,2024-08-03,2025-03-03,95979,10664.33,26.5,84.0,25.73,False,Healthy Cadence
INV000751,9,2024-03-29,2025-05-27,42163,4684.78,53.0,193.0,62.86,True,At-Risk
INV000754,7,2024-03-02,2025-05-10,97616,13945.14,72.33,103.0,28.42,True,At-Risk
INV000759,7,2024-01-08,2025-05-20,44038,6291.14,83.0,156.0,65.64,True,At-Risk
INV000761,7,2024-02-26,2025-05-22,115474,16496.29,75.17,173.0,67.93,True,At-Risk
INV000768,8,2024-01-17,2025-03-12,81075,10134.38,60.0,124.0,31.78,True,At-Risk
INV000772,6,2024-06-15,2025-01-31,88779,14796.5,46.0,81.0,31.68,True,At-Risk
INV000774,7,2024-02-16,2025-05-03,83715,11959.29,73.67,169.0,71.33,True,At-Risk
INV000776,8,2024-03-07,2025-04-27,40424,5053.0,59.43,116.0,34.14,True,At-Risk
INV000777,6,2024-03-05,2025-01-29,20946,3491.0,66.0,121.0,38.81,True,At-Risk
INV000778,8,2024-03-22,2025-05-14,99237,12404.62,59.71,182.0,61.48,True,At-Risk
INV000779,6,2024-03-21,2025-03-31,12215,2035.83,75.0,153.0,64.99,True,At-Risk
INV000783,6,2024-02-14,2025-05-08,138175,23029.17,89.8,187.0,72.78,True,At-Risk
INV000785,6,2024-10-10,2025-03-22,29312,4885.33,32.6,66.0,21.35,False,Healthy Cadence
INV000786,9,2024-01-01,2025-05-28,73859,8206.56,64.12,199.0,68.11,True,At-Risk
INV000789,8,2024-02-29,2025-03-21,110683,13835.38,55.14,225.0,76.27,True,At-Risk
INV000793,8,2024-01-14,2025-05-12,105129,13141.12,69.14,149.0,52.08,True,At-Risk
INV000803,7,2024-01-04,2025-04-11,75412,10773.14,77.17,147.0,40.9,True,At-Risk
INV000814,6,2024-01-15,2025-04-29,111708,18618.0,94.0,195.0,66.74,True,At-Risk
INV000822,7,2024-02-02,2024-12-31,68933,9847.57,55.5,141.0,52.34,True,At-Risk
INV000823,7,2024-02-21,2024-10-16,49395,7056.43,39.67,69.0,26.29,True,At-Risk
INV000827,8,2024-04-05,2025-05-18,46159,5769.88,58.29,122.0,39.57,True,At-Risk
INV000830,6,2024-04-21,2025-04-17,77141,12856.83,72.2,165.0,70.86,True,At-Risk
INV000833,8,2024-01-08,2025-04-23,88699,11087.38,67.29,182.0,78.23,True,At-Risk
INV000836,6,2024-01-01,2025-02-28,127974,21329.0,84.8,123.0,26.69,True,At-Risk
INV000843,6,2024-05-01,2025-02-03,49484,8247.33,55.6,102.0,43.35,True,At-Risk
INV000844,7,2024-02-09,2025-03-12,48647,6949.57,66.17,151.0,56.88,True,At-Risk
INV000847,6,2024-05-28,2025-01-22,20771,3461.83,47.8,75.0,22.06,True,At-Risk
INV000853,10,2024-01-22,2025-04-10,61865,6186.5,49.33,193.0,59.84,True,At-Risk
INV000854,9,2024-01-05,2025-05-09,149355,16595.0,61.25,170.0,62.2,True,At-Risk
INV000858,9,2024-04-27,2025-04-21,70918,7879.78,44.88,157.0,47.99,True,At-Risk
INV000862,6,2024-02-13,2025-05-14,119139,19856.5,91.2,372.0,157.56,True,At-Risk
INV000864,6,2024-01-16,2024-08-07,72191,12031.83,40.8,106.0,36.92,True,At-Risk
INV000865,9,2024-04-15,2025-04-16,164885,18320.56,45.75,99.0,34.95,True,At-Risk
INV000869,6,2024-02-27,2025-01-19,29400,4900.0,65.4,100.0,40.69,True,At-Risk
INV000873,7,2024-02-09,2025-04-25,44839,6405.57,73.5,299.0,113.51,True,At-Risk
INV000874,9,2024-01-04,2025-05-15,38895,4321.67,62.12,149.0,54.1,True,At-Risk
INV000877,6,2024-06-21,2025-04-14,116062,19343.67,59.4,159.0,62.25,True,At-Risk
INV000881,10,2024-01-10,2025-02-28,61437,6143.7,46.11,155.0,45.98,True,At-Risk
INV000887,7,2024-01-28,2025-02-25,115877,16553.86,65.67,268.0,102.08,True,At-Risk
INV000888,7,2024-01-27,2025-05-23,98413,14059.0,80.33,166.0,64.41,True,At-Risk
INV000893,7,2024-02-05,2025-01-27,93208,13315.43,59.5,147.0,48.45,True,At-Risk
INV000894,6,2024-07-26,2025-04-27,36994,6165.67,55.0,105.0,39.27,True,At-Risk
INV000901,6,2024-05-23,2025-02-17,36100,6016.67,54.0,95.0,30.78,True,At-Risk
INV000907,6,2024-04-08,2025-01-29,26520,4420.0,59.2,139.0,49.66,True,At-Risk
INV000920,6,2024-01-31,2025-02-12,97652,16275.33,75.6,220.0,84.5,True,At-Risk
INV000926,6,2024-01-05,2025-02-08,67012,11168.67,80.0,111.0,36.47,True,At-Risk
INV000929,7,2024-03-28,2025-03-12,150139,21448.43,58.17,116.0,37.48,True,At-Risk
INV000930,8,2024-07-19,2025-03-03,92989,11623.62,32.43,118.0,39.51,False,Healthy Cadence
INV000935,9,2024-02-12,2024-10-16,152824,16980.44,30.88,73.0,27.81,False,Healthy Cadence
INV000939,8,2024-02-23,2025-04-22,69507,8688.38,60.57,154.0,46.29,True,At-Risk
INV000942,7,2024-03-09,2025-01-21,138493,19784.71,53.0,92.0,29.6,True,At-Risk
INV000949,7,2024-04-03,2025-05-13,49784,7112.0,67.5,135.0,51.21,True,At-Risk
INV000950,6,2024-02-26,2025-05-26,37182,6197.0,91.0,215.0,83.59,True,At-Risk
INV000971,7,2024-08-08,2025-05-16,38940,5562.86,46.83,139.0,54.78,True,At-Risk
INV000974,7,2024-01-06,2025-03-22,40022,5717.43,73.5,143.0,52.64,True,At-Risk
INV000977,10,2024-01-13,2025-03-27,129735,12973.5,48.78,147.0,48.94,True,At-Risk
INV000979,6,2024-04-08,2025-05-12,141450,23575.0,79.8,115.0,21.3,True,At-Risk
INV000980,8,2024-04-26,2025-03-03,208518,26064.75,44.43,121.0,35.94,True,At-Risk
INV000981,6,2024-09-11,2025-05-21,68442,11407.0,50.4,104.0,41.57,True,At-Risk
INV000986,7,2024-02-28,2025-02-27,166388,23769.71,60.83,182.0,64.7,True,At-Risk
INV000994,6,2024-02-20,2025-01-04,55817,9302.83,63.8,167.0,59.23,True,At-Risk
INV001001,8,2024-02-15,2025-04-12,67731,8466.38,60.29,137.0,50.9,True,At-Risk
INV001002,7,2024-04-01,2024-12-07,38098,5442.57,41.67,85.0,35.45,True,At-Risk
INV001005,6,2024-02-07,2025-05-20,74535,12422.5,93.6,206.0,68.34,True,At-Risk
INV001008,7,2024-02-16,2025-03-10,63227,9032.43,64.67,191.0,68.94,True,At-Risk
INV001013,6,2024-01-09,2025-05-07,81838,13639.67,96.8,164.0,61.34,True,At-Risk
INV001017,6,2024-03-18,2025-02-16,27846,4641.0,67.0,142.0,58.73,True,At-Risk
INV001019,9,2024-02-19,2025-02-12,62583,6953.67,44.88,180.0,57.74,True,At-Risk
INV001021,7,2024-01-08,2025-02-23,54295,7756.43,68.67,186.0,66.94,True,At-Risk
INV001023,8,2024-01-01,2025-05-22,38036,4754.5,72.43,202.0,80.13,True,At-Risk
INV001025,6,2024-07-19,2025-01-29,77009,12834.83,38.8,76.0,27.87,True,At-Risk
INV001026,6,2024-02-04,2025-01-16,51600,8600.0,69.4,132.0,45.4,True,At-Risk
INV001037,10,2024-02-26,2025-03-10,73922,7392.2,42.0,86.0,32.02,True,At-Risk
INV001039,6,2024-04-10,2025-03-07,19840,3306.67,66.2,187.0,68.89,True,At-Risk
INV001041,7,2024-01-01,2025-05-13,72624,10374.86,83.0,195.0,77.56,True,At-Risk
INV001047,7,2024-04-24,2025-05-26,52894,7556.29,66.17,142.0,57.33,True,At-Risk
INV001048,8,2024-03-19,2025-02-11,36491,4561.38,47.0,84.0,29.3,True,At-Risk
INV001051,8,2024-04-02,2025-04-16,57451,7181.38,54.14,139.0,44.28,True,At-Risk
INV001053,8,2024-02-18,2025-03-15,46140,5767.5,55.86,116.0,43.06,True,At-Risk
INV001055,6,2024-01-14,2025-04-24,77109,12851.5,93.2,177.0,58.8,True,At-Risk
INV001060,9,2024-01-19,2025-03-21,113690,12632.22,53.38,89.0,32.28,True,At-Risk
INV001061,9,2024-02-19,2025-04-03,99794,11088.22,51.12,141.0,50.61,True,At-Risk
INV001063,8,2024-02-17,2024-12-16,30795,3849.38,43.29,120.0,37.85,True,At-Risk
INV001064,9,2024-01-09,2025-04-29,151648,16849.78,59.5,160.0,61.91,True,At-Risk
INV001069,8,2024-06-02,2025-03-18,96230,12028.75,41.29,98.0,33.08,True,At-Risk
INV001070,6,2024-01-05,2025-05-04,103923,17320.5,97.0,329.0,133.15,True,At-Risk
INV001092,7,2024-02-04,2025-05-13,75632,10804.57,77.33,186.0,57.07,True,At-Risk
INV001099,8,2024-07-28,2025-01-27,135739,16967.38,26.14,63.0,26.17,False,Healthy Cadence
INV001102,7,2024-02-06,2025-01-03,87539,12505.57,55.33,87.0,25.81,True,At-Risk
INV001115,6,2024-03-07,2025-04-18,51387,8564.5,81.4,290.0,117.56,True,At-Risk
INV001116,9,2024-02-17,2025-05-27,74728,8303.11,58.12,194.0,62.74,True,At-Risk
INV001117,8,2024-02-23,2025-04-30,53882,6735.25,61.71,137.0,42.8,True,At-Risk
INV001130,7,2024-02-08,2025-05-14,139695,19956.43,76.83,131.0,33.13,True,At-Risk
INV001137,7,2024-02-29,2025-02-05,35691,5098.71,57.0,120.0,46.18,True,At-Risk
INV001140,6,2024-04-29,2025-02-25,39628,6604.67,60.4,125.0,59.08,True,At-Risk
INV001141,6,2024-01-27,2025-05-29,34460,5743.33,97.6,132.0,27.84,True,At-Risk
INV001142,7,2024-04-27,2025-01-09,60116,8588.0,42.83,106.0,45.97,True,At-Risk
INV001156,6,2024-01-02,2025-05-28,51977,8662.83,102.4,175.0,68.58,True,At-Risk
INV001160,8,2024-04-02,2025-05-10,45043,5630.38,57.57,99.0,26.3,True,At-Risk
INV001161,6,2024-01-23,2025-03-01,146262,24377.0,80.6,159.0,52.52,True,At-Risk
INV001163,7,2024-01-30,2025-03-09,33877,4839.57,67.33,255.0,96.84,True,At-Risk
INV001167,6,2024-01-03,2025-04-28,78024,13004.0,96.2,207.0,90.73,True,At-Risk
INV001170,6,2024-03-03,2025-02-07,70673,11778.83,68.2,119.0,53.56,True,At-Risk
INV001173,6,2024-05-28,2025-04-28,58382,9730.33,67.0,146.0,57.61,True,At-Risk
INV001178,7,2024-01-31,2025-05-23,37864,5409.14,79.67,140.0,35.13,True,At-Risk
INV001180,6,2024-03-30,2025-04-06,104216,17369.33,74.4,198.0,72.82,True,At-Risk
INV001181,8,2024-02-12,2025-05-29,91218,11402.25,67.43,163.0,51.91,True,At-Risk
INV001190,6,2024-01-04,2025-05-03,45744,7624.0,97.0,198.0,64.65,True,At-Risk
INV001195,8,2024-03-16,2025-03-25,127687,15960.88,53.43,167.0,73.98,True,At-Risk
INV001196,6,2024-02-20,2025-05-26,61840,10306.67,92.2,169.0,58.19,True,At-Risk
INV001202,8,2024-04-09,2025-05-20,54919,6864.88,58.0,103.0,24.39,True,At-Risk
INV001206,6,2024-04-05,2025-05-28,76395,12732.5,83.6,190.0,75.43,True,At-Risk
INV001208,7,2024-03-13,2025-01-18,68466,9780.86,51.83,107.0,39.19,True,At-Risk
INV001210,9,2024-03-04,2024-12-24,84090,9343.33,36.88,93.0,33.41,True,At-Risk
INV001217,8,2024-02-29,2025-04-25,99061,12382.62,60.14,205.0,72.8,True,At-Risk
INV001219,8,2024-03-04,2025-02-23,90473,11309.12,50.86,118.0,46.2,True,At-Risk
INV001220,7,2024-01-08,2025-04-15,18410,2630.0,77.17,104.0,29.15,True,At-Risk
INV001223,7,2024-01-27,2025-03-27,81600,11657.14,70.83,175.0,56.1,True,At-Risk
INV001234,8,2024-01-27,2025-03-26,91103,11387.88,60.57,119.0,35.55,True,At-Risk
INV001235,9,2024-02-03,2025-05-20,125966,13996.22,59.0,161.0,56.39,True,At-Risk
INV001237,6,2024-01-18,2025-05-22,66778,11129.67,98.0,182.0,66.5,True,At-Risk
INV001238,7,2024-03-27,2025-05-12,45560,6508.57,68.5,220.0,83.34,True,At-Risk
INV001242,6,2024-01-19,2025-01-02,26658,4443.0,69.8,128.0,46.52,True,At-Risk
INV001251,6,2024-02-11,2025-03-27,142919,23819.83,82.0,223.0,83.53,True,At-Risk
INV001262,7,2024-07-06,2025-04-01,135943,19420.43,44.83,116.0,45.79,True,At-Risk
INV001274,7,2024-03-06,2025-05-20,56609,8087.0,73.33,161.0,60.53,True,At-Risk
INV001275,7,2024-02-11,2025-03-17,51676,7382.29,66.67,140.0,58.49,True,At-Risk
INV001282,6,2024-06-18,2025-05-19,50374,8395.67,67.0,196.0,73.25,True,At-Risk
INV001287,6,2024-01-09,2025-04-14,74519,12419.83,92.2,157.0,59.55,True,At-Risk
INV001288,7,2024-04-08,2025-01-07,127240,18177.14,45.67,148.0,54.25,True,At-Risk
INV001291,6,2024-03-27,2025-04-12,118076,19679.33,76.2,181.0,67.17,True,At-Risk
INV001295,9,2024-01-05,2025-02-14,66843,7427.0,50.75,165.0,50.28,True,At-Risk
INV001298,7,2024-03-14,2025-05-19,13160,1880.0,71.83,158.0,59.8,True,At-Risk
INV001299,9,2024-02-26,2025-04-11,67906,7545.11,51.25,121.0,35.6,True,At-Risk
INV001304,6,2024-01-06,2025-05-08,127605,21267.5,97.6,177.0,58.82,True,At-Risk
INV001308,9,2024-01-29,2025-04-10,145248,16138.67,54.62,147.0,43.03,True,At-Risk
INV001310,6,2024-02-03,2025-03-15,48861,8143.5,81.2,232.0,86.03,True,At-Risk
INV001314,10,2024-02-03,2025-05-02,196028,19602.8,50.44,130.0,39.48,True,At-Risk
INV001315,7,2024-02-09,2024-12-16,62854,8979.14,51.83,124.0,56.38,True,At-Risk
INV001316,6,2024-02-05,2025-05-12,14835,2472.5,92.4,198.0,92.48,True,At-Risk
INV001317,6,2024-01-24,2025-03-23,29592,4932.0,84.8,162.0,68.33,True,At-Risk
INV001318,10,2024-01-27,2025-03-18,112663,11266.3,46.22,150.0,53.73,True,At-Risk
INV001326,8,2024-01-29,2025-05-29,103082,12885.25,69.43,182.0,65.95,True,At-Risk
INV001329,6,2024-03-22,2025-02-26,60331,10055.17,68.2,97.0,26.19,True,At-Risk
INV001331,6,2024-01-04,2025-04-19,31343,5223.83,94.2,202.0,63.22,True,At-Risk
INV001332,7,2024-02-03,2025-05-28,56992,8141.71,80.0,179.0,72.84,True,At-Risk
INV001333,7,2024-01-08,2025-04-24,11779,1682.71,78.67,185.0,71.07,True,At-Risk
INV001336,8,2024-02-10,2025-05-16,94852,11856.5,65.86,198.0,70.42,True,At-Risk
INV001348,7,2024-03-07,2024-12-19,91022,13003.14,47.83,121.0,37.79,True,At-Risk
INV001351,7,2024-01-26,2025-03-24,146308,20901.14,70.5,208.0,75.04,True,At-Risk
INV001355,6,2024-06-03,2025-03-31,41992,6998.67,60.2,187.0,78.15,True,At-Risk
INV001356,6,2024-03-05,2025-04-05,39847,6641.17,79.2,191.0,72.6,True,At-Risk
INV001359,7,2024-03-10,2025-05-19,109856,15693.71,72.5,313.0,118.56,True,At-Risk
INV001361,7,2024-01-28,2024-11-26,99669,14238.43,50.5,103.0,39.15,True,At-Risk
INV001367,6,2024-01-03,2025-05-12,71798,11966.33,99.0,222.0,83.05,True,At-Risk
INV001375,7,2024-02-04,2025-05-20,46716,6673.71,78.5,176.0,59.83,True,At-Risk
INV001376,7,2024-01-15,2025-05-01,66059,9437.0,78.67,181.0,76.9,True,At-Risk
INV001383,8,2024-02-26,2025-03-25,80080,10010.0,56.14,117.0,32.7,True,At-Risk
INV001387,9,2024-02-01,2025-05-04,111470,12385.56,57.25,130.0,43.29,True,At-Risk
INV001394,8,2024-02-06,2025-04-26,127115,15889.38,63.57,171.0,64.92,True,At-Risk
INV001400,6,2024-01-01,2025-01-19,111893,18648.83,76.8,266.0,107.74,True,At-Risk
INV001401,6,2024-04-15,2025-03-24,39421,6570.17,68.6,197.0,73.89,True,At-Risk
INV001406,10,2024-03-12,2025-05-15,71494,7149.4,47.67,202.0,62.89,True,At-Risk
INV001407,6,2024-01-08,2024-08-21,49474,8245.67,45.2,141.0,53.94,True,At-Risk
INV001415,8,2024-01-17,2025-05-08,48063,6007.88,68.14,173.0,55.5,True,At-Risk
INV001418,6,2024-01-31,2025-04-18,27688,4614.67,88.6,187.0,71.97,True,At-Risk
INV001419,6,2024-01-11,2025-03-15,67428,11238.0,85.8,137.0,40.06,True,At-Risk
INV001423,8,2024-02-03,2025-01-08,64384,8048.0,48.57,105.0,43.3,True,At-Risk
INV001428,6,2024-04-17,2025-05-19,72032,12005.33,79.4,174.0,56.6,True,At-Risk
INV001432,6,2024-02-14,2025-02-05,22656,3776.0,71.4,175.0,70.68,True,At-Risk
INV001434,6,2024-04-09,2025-05-17,73116,12186.0,80.6,178.0,71.34,True,At-Risk
INV001442,9,2024-02-21,2025-05-23,67217,7468.56,57.12,238.0,76.77,True,At-Risk
INV001454,7,2024-01-03,2025-03-16,37667,5381.0,73.0,176.0,75.91,True,At-Risk
INV001455,8,2024-01-10,2025-04-07,47113,5889.12,64.71,153.0,52.73,True,At-Risk
INV001457,6,2024-01-21,2024-08-27,85947,14324.5,43.8,63.0,15.5,True,At-Risk
INV001458,7,2024-02-01,2025-01-25,78518,11216.86,59.83,101.0,34.67,True,At-Risk
INV001466,6,2024-02-25,2024-10-05,102555,17092.5,44.6,82.0,33.78,True,At-Risk
INV001472,6,2024-01-10,2025-02-08,119937,19989.5,79.0,141.0,60.45,True,At-Risk
INV001482,6,2024-04-10,2025-05-18,84250,14041.67,80.6,280.0,113.33,True,At-Risk
INV001485,9,2024-02-05,2025-04-20,113230,12581.11,55.0,150.0,45.89,True,At-Risk
INV001491,6,2024-01-07,2025-05-15,37904,6317.33,98.8,260.0,97.27,True,At-Risk
INV001497,9,2024-01-01,2025-05-19,77902,8655.78,63.0,138.0,51.32,True,At-Risk
INV001504,9,2024-03-21,2025-05-29,131804,14644.89,54.25,134.0,42.31,True,At-Risk
INV001507,6,2024-02-01,2025-04-07,24004,4000.67,86.2,167.0,49.52,True,At-Risk
INV001510,7,2024-03-05,2025-04-10,113185,16169.29,66.83,124.0,46.49,True,At-Risk
INV001514,7,2024-02-27,2025-01-03,150056,21436.57,51.83,72.0,10.11,True,At-Risk
INV001516,6,2024-07-31,2025-05-11,106727,17787.83,56.8,85.0,34.99,True,At-Risk
INV001526,6,2024-02-17,2024-10-26,45632,7605.33,50.4,134.0,53.28,True,At-Risk
INV001530,7,2024-01-14,2025-02-05,18100,2585.71,64.67,122.0,36.63,True,At-Risk
INV001532,7,2024-03-07,2025-02-11,82757,11822.43,56.83,101.0,36.21,True,At-Risk
INV001536,7,2024-01-04,2025-02-21,108107,15443.86,69.0,189.0,75.21,True,At-Risk
INV001545,6,2024-01-29,2025-05-07,85986,14331.0,92.8,208.0,83.65,True,At-Risk
INV001547,7,2024-02-28,2025-05-06,75405,10772.14,72.17,119.0,40.6,True,At-Risk
INV001548,6,2024-03-20,2025-04-27,71244,11874.0,80.6,197.0,72.51,True,At-Risk
INV001550,7,2024-02-01,2025-05-20,85924,12274.86,79.0,191.0,67.77,True,At-Risk
INV001551,6,2024-07-01,2025-05-06,18205,3034.17,61.8,131.0,40.52,True,At-Risk
INV001562,10,2024-03-01,2025-04-03,66556,6655.6,44.22,146.0,42.92,True,At-Risk
INV001564,8,2024-03-23,2025-04-17,74288,9286.0,55.71,157.0,50.39,True,At-Risk
INV001569,6,2024-03-03,2025-04-24,84525,14087.5,83.4,314.0,131.48,True,At-Risk
INV001579,7,2024-01-04,2025-03-29,133855,19122.14,75.0,193.0,67.17,True,At-Risk
INV001580,7,2024-07-23,2025-04-23,85427,12203.86,45.67,119.0,38.53,True,At-Risk
INV001585,6,2024-04-12,2025-01-20,61091,10181.83,56.6,182.0,74.05,True,At-Risk
INV001587,7,2024-04-10,2025-05-05,72452,10350.29,65.0,144.0,53.77,True,At-Risk
INV001597,7,2024-06-19,2025-05-21,99091,14155.86,56.0,165.0,58.47,True,At-Risk
INV001599,6,2024-01-15,2024-11-01,52681,8780.17,58.2,133.0,48.28,True,At-Risk
INV001602,6,2024-01-07,2025-04-20,66310,11051.67,93.8,294.0,112.47,True,At-Risk
INV001603,7,2024-02-06,2024-12-29,64051,9150.14,54.5,93.0,22.79,True,At-Risk
INV001605,8,2024-01-08,2025-03-07,161888,20236.0,60.57,136.0,53.45,True,At-Risk
INV001606,7,2024-04-08,2025-05-19,95656,13665.14,67.67,148.0,57.5,True,At-Risk
INV001616,9,2024-01-29,2025-03-28,153361,17040.11,53.0,117.0,42.22,True,At-Risk
INV001623,6,2024-01-27,2025-05-01,62993,10498.83,92.0,188.0,66.85,True,At-Risk
INV001625,6,2024-02-16,2025-02-10,15000,2500.0,72.0,209.0,77.24,True,At-Risk
INV001628,8,2024-05-27,2025-05-24,111394,13924.25,51.71,139.0,52.26,True,At-Risk
INV001629,7,2024-03-28,2025-05-07,34149,4878.43,67.5,82.0,12.85,True,At-Risk
INV001631,6,2024-07-04,2025-04-15,9317,1552.83,57.0,101.0,27.08,True,At-Risk
INV001636,9,2024-01-05,2025-01-30,35935,3992.78,48.88,159.0,51.4,True,At-Risk
INV001641,6,2024-01-19,2025-04-05,77129,12854.83,88.4,168.0,55.14,True,At-Risk
INV001644,6,2024-05-04,2025-03-28,123765,20627.5,65.6,89.0,26.57,True,At-Risk
INV001645,6,2024-03-15,2025-02-16,48283,8047.17,67.6,202.0,78.39,True,At-Risk
INV001649,10,2024-02-07,2025-05-17,113458,11345.8,51.67,120.0,43.8,True,At-Risk
INV001651,7,2024-01-05,2025-04-21,162293,23184.71,78.67,130.0,52.27,True,At-Risk
INV001653,6,2024-02-18,2024-11-20,76639,12773.17,55.2,94.0,49.53,True,At-Risk
INV001654,7,2024-02-17,2025-01-18,108816,15545.14,56.0,137.0,46.7,True,At-Risk
INV001656,8,2024-02-18,2025-04-12,78037,9754.62,59.86,246.0,82.86,True,At-Risk
INV001662,6,2024-01-22,2024-11-18,67445,11240.83,60.2,147.0,71.77,True,At-Risk
INV001672,9,2024-03-30,2024-12-27,90532,10059.11,34.0,130.0,44.15,False,Healthy Cadence
INV001673,11,2024-01-11,2025-05-18,81749,7431.73,49.3,181.0,54.91,True,At-Risk
INV001680,9,2024-01-10,2025-04-25,47015,5223.89,58.88,200.0,74.32,True,At-Risk
INV001683,7,2024-03-08,2025-05-17,80088,11441.14,72.5,186.0,60.09,True,At-Risk
INV001689,6,2024-03-25,2025-05-17,59823,9970.5,83.6,153.0,53.26,True,At-Risk
INV001690,7,2024-01-14,2025-05-15,62532,8933.14,81.17,114.0,33.21,True,At-Risk
INV001691,6,2024-03-15,2025-04-29,40648,6774.67,82.0,254.0,98.66,True,At-Risk
INV001694,8,2024-02-05,2025-05-13,146945,18368.12,66.14,144.0,52.17,True,At-Risk
INV001697,9,2024-01-08,2025-05-22,118132,13125.78,62.5,287.0,91.59,True,At-Risk
INV001699,6,2024-01-02,2025-02-21,103956,17326.0,83.2,183.0,81.24,True,At-Risk
INV001709,6,2024-01-10,2024-09-25,50259,8376.5,51.8,84.0,29.39,True,At-Risk
INV001711,7,2024-03-13,2025-04-12,26390,3770.0,65.83,189.0,73.43,True,At-Risk
INV001712,6,2024-03-29,2025-02-25,66274,11045.67,66.6,144.0,56.94,True,At-Risk
INV001715,8,2024-01-31,2025-05-23,103613,12951.62,68.29,188.0,64.51,True,At-Risk
INV001718,6,2024-02-09,2025-04-04,151909,25318.17,84.0,237.0,94.57,True,At-Risk
INV001724,7,2024-02-18,2025-04-11,87580,12511.43,69.67,134.0,39.45,True,At-Risk
INV001728,8,2024-01-15,2025-01-03,142998,17874.75,50.57,131.0,39.3,True,At-Risk
INV001737,7,2024-02-08,2025-01-14,103141,14734.43,56.83,191.0,69.85,True,At-Risk
INV001738,9,2024-02-24,2025-03-10,157288,17476.44,47.5,153.0,46.02,True,At-Risk
INV001739,9,2024-02-28,2025-04-23,113721,12635.67,52.5,96.0,26.35,True,At-Risk
INV001741,6,2024-02-14,2025-05-06,94729,15788.17,89.4,260.0,102.55,True,At-Risk
INV001744,7,2024-01-11,2025-04-26,84479,12068.43,78.5,155.0,46.13,True,At-Risk
INV001752,7,2024-02-25,2025-04-16,50982,7283.14,69.33,170.0,61.66,True,At-Risk
INV001753,11,2024-03-07,2025-05-09,111704,10154.91,42.8,128.0,38.06,True,At-Risk
INV001757,8,2024-04-01,2025-04-25,16121,2015.12,55.57,121.0,41.64,True,At-Risk
INV001759,10,2024-02-17,2025-05-08,108215,10821.5,49.56,126.0,41.56,True,At-Risk
INV001769,6,2024-01-03,2025-05-07,28957,4826.17,98.0,166.0,66.02,True,At-Risk
INV001772,6,2024-01-21,2025-05-10,113146,18857.67,95.0,184.0,72.33,True,At-Risk
INV001775,8,2024-10-12,2025-05-04,92864,11608.0,29.14,65.0,21.04,False,Healthy Cadence
INV001777,9,2024-01-27,2025-05-02,115340,12815.56,57.62,156.0,56.72,True,At-Risk
INV001778,8,2024-01-10,2025-03-30,54721,6840.12,63.57,283.0,97.13,True,At-Risk
INV001797,7,2024-02-07,2025-05-30,45355,6479.29,79.67,132.0,45.33,True,At-Risk
INV001800,7,2024-01-15,2024-11-08,100392,14341.71,49.67,132.0,46.2,True,At-Risk
INV001802,7,2024-05-02,2025-05-07,99376,14196.57,61.67,151.0,45.04,True,At-Risk
INV001803,6,2024-05-25,2025-03-16,29638,4939.67,59.0,127.0,53.46,True,At-Risk
INV001804,8,2024-02-06,2025-03-03,97734,12216.75,55.86,126.0,47.31,True,At-Risk
INV001806,8,2024-01-04,2025-02-27,98260,12282.5,60.0,209.0,76.12,True,At-Risk
INV001809,6,2024-01-21,2025-05-13,66937,11156.17,95.6,249.0,91.7,True,At-Risk
INV001811,9,2024-03-04,2025-05-12,234390,26043.33,54.25,196.0,70.92,True,At-Risk
INV001822,6,2024-03-16,2024-06-23,43103,7183.83,19.8,43.0,15.3,False,Healthy Cadence
INV001823,8,2024-01-25,2025-03-07,30886,3860.75,58.14,172.0,57.94,True,At-Risk
INV001826,6,2024-02-25,2024-11-07,43001,7166.83,51.2,128.0,43.61,True,At-Risk
INV001828,8,2024-01-23,2024-11-29,57282,7160.25,44.43,91.0,29.97,True,At-Risk
INV001831,6,2024-03-03,2025-03-02,47766,7961.0,72.8,181.0,68.74,True,At-Risk
INV001837,7,2024-03-15,2025-03-27,75034,10719.14,62.83,157.0,64.7,True,At-Risk
INV001841,6,2024-06-21,2025-03-29,48729,8121.5,56.2,129.0,59.35,True,At-Risk
INV001853,8,2024-02-20,2025-01-17,158089,19761.12,47.43,95.0,33.23,True,At-Risk
INV001858,8,2024-04-05,2025-04-26,111198,13899.75,55.14,261.0,91.1,True,At-Risk
INV001865,7,2024-01-11,2025-01-26,37490,5355.71,63.5,145.0,45.82,True,At-Risk
INV001866,6,2024-02-27,2024-12-17,52342,8723.67,58.8,117.0,45.14,True,At-Risk
INV001870,7,2024-01-06,2025-04-06,151119,21588.43,76.0,164.0,62.42,True,At-Risk
INV001871,7,2024-01-26,2024-12-21,104709,14958.43,55.0,101.0,39.58,True,At-Risk
INV001883,6,2024-01-16,2025-05-26,16745,2790.83,99.2,203.0,82.42,True,At-Risk
INV001885,6,2024-03-05,2025-02-24,16314,2719.0,71.2,128.0,53.17,True,At-Risk
INV001886,9,2024-03-17,2025-04-27,73898,8210.89,50.75,129.0,54.94,True,At-Risk
INV001890,6,2024-01-02,2025-05-29,7890,1315.0,102.6,207.0,75.26,True,At-Risk
INV001891,6,2024-02-03,2025-05-30,22169,3694.83,96.4,261.0,119.03,True,At-Risk
INV001909,8,2024-02-21,2025-05-01,77716,9714.5,62.14,121.0,47.22,True,At-Risk
INV001912,6,2024-01-16,2025-03-23,72585,12097.5,86.4,256.0,99.85,True,At-Risk
INV001920,7,2024-09-02,2025-04-24,111406,15915.14,39.0,76.0,19.86,True,At-Risk
INV001921,8,2024-01-28,2025-05-22,94294,11786.75,68.57,225.0,75.71,True,At-Risk
INV001923,7,2024-01-06,2025-05-04,42011,6001.57,80.67,106.0,30.18,True,At-Risk
INV001924,7,2024-01-06,2024-12-26,95896,13699.43,59.17,119.0,35.83,True,At-Risk
INV001927,6,2024-05-22,2025-03-12,42729,7121.5,58.8,91.0,19.46,True,At-Risk
INV001929,6,2024-06-26,2025-05-23,67484,11247.33,66.2,242.0,100.06,True,At-Risk
INV001937,8,2024-03-30,2025-05-27,52043,6505.38,60.43,253.0,85.93,True,At-Risk
INV001938,9,2024-04-22,2025-04-01,46935,5215.0,43.0,112.0,39.27,True,At-Risk
INV001943,6,2024-02-26,2025-03-04,63792,10632.0,74.4,171.0,69.05,True,At-Risk
INV001950,7,2024-05-24,2025-05-20,88383,12626.14,60.17,134.0,45.6,True,At-Risk
INV001951,7,2024-04-26,2025-04-14,39840,5691.43,58.83,124.0,43.46,True,At-Risk
INV001954,6,2024-02-06,2025-04-15,38164,6360.67,86.8,273.0,109.08,True,At-Risk
INV001955,6,2024-02-15,2025-03-01,80106,13351.0,76.0,199.0,70.45,True,At-Risk
INV001961,6,2024-01-07,2025-02-27,87250,14541.67,83.4,234.0,88.17,True,At-Risk
INV001969,6,2024-01-15,2025-02-14,22578,3763.0,79.2,163.0,66.89,True,At-Risk
INV001971,8,2024-04-11,2025-04-29,96207,12025.88,54.71,87.0,32.36,True,At-Risk
INV001972,8,2024-01-14,2024-11-06,147921,18490.12,42.43,153.0,52.74,True,At-Risk
INV001978,6,2024-03-14,2025-05-04,33387,5564.5,83.2,112.0,31.03,True,At-Risk
INV001979,6,2024-07-28,2025-05-01,78262,13043.67,55.4,100.0,33.95,True,At-Risk
INV001982,6,2024-03-18,2025-05-21,118849,19808.17,85.8,289.0,113.84,True,At-Risk
INV001986,7,2024-07-03,2025-04-15,93572,13367.43,47.67,98.0,33.76,True,At-Risk
INV001987,7,2024-04-08,2025-05-15,101651,14521.57,67.0,241.0,89.86,True,At-Risk
INV001990,8,2024-06-17,2025-04-30,60133,7516.62,45.29,91.0,32.28,True,At-Risk
INV001993,6,2024-02-15,2024-11-24,42253,7042.17,56.6,147.0,64.19,True,At-Risk
INV001995,6,2024-02-18,2024-10-18,76418,12736.33,48.6,94.0,32.21,True,At-Risk
INV001997,6,2024-01-04,2025-03-22,23078,3846.33,88.6,168.0,59.33,True,At-Risk
INV002001,6,2024-03-17,2025-05-15,35997,5999.5,84.8,335.0,142.06,True,At-Risk
INV002006,6,2024-03-19,2025-03-22,56278,9379.67,73.6,157.0,63.62,True,At-Risk
INV002010,6,2024-01-11,2025-01-18,111364,18560.67,74.6,103.0,23.71,True,At-Risk
INV002017,7,2024-04-23,2025-01-16,48099,6871.29,44.67,99.0,41.52,True,At-Risk
INV002018,6,2024-03-24,2025-02-05,22792,3798.67,63.6,106.0,39.97,True,At-Risk
INV002019,6,2024-06-02,2025-05-12,50866,8477.67,68.8,117.0,38.3,True,At-Risk
INV002025,7,2024-05-24,2025-04-24,52531,7504.43,55.83,92.0,35.56,True,At-Risk
INV002033,7,2024-01-04,2024-11-29,43182,6168.86,55.0,123.0,49.36,True,At-Risk
INV002034,8,2024-01-06,2025-05-03,75286,9410.75,69.0,166.0,64.13,True,At-Risk
INV002037,6,2024-03-04,2024-08-17,58317,9719.5,33.2,61.0,23.61,False,Healthy Cadence
INV002038,6,2024-01-16,2025-03-11,89042,14840.33,84.0,202.0,91.69,True,At-Risk
INV002051,6,2024-03-30,2025-04-27,101112,16852.0,78.6,159.0,65.02,True,At-Risk
INV002052,7,2024-02-08,2024-10-30,143832,20547.43,44.17,114.0,37.41,True,At-Risk
INV002069,10,2024-01-09,2025-03-12,82746,8274.6,47.56,95.0,35.85,True,At-Risk
INV002070,7,2024-01-10,2025-05-12,70993,10141.86,81.33,118.0,32.61,True,At-Risk
INV002083,10,2024-02-03,2025-05-13,142753,14275.3,51.67,193.0,58.96,True,At-Risk
INV002085,6,2024-02-29,2025-01-19,89035,14839.17,65.0,220.0,87.33,True,At-Risk
INV002090,6,2024-02-11,2025-05-07,38375,6395.83,90.2,231.0,101.83,True,At-Risk
INV002092,7,2024-05-20,2024-12-07,63358,9051.14,33.5,54.0,15.51,False,Healthy Cadence
INV002101,6,2024-01-09,2025-02-13,71140,11856.67,80.2,248.0,101.33,True,At-Risk
INV002102,6,2024-06-16,2025-01-26,90782,15130.33,44.8,63.0,11.82,True,At-Risk
INV002107,8,2024-01-09,2025-05-21,100667,12583.38,71.14,298.0,104.07,True,At-Risk
INV002111,8,2024-01-24,2025-04-05,84899,10612.38,62.43,123.0,40.55,True,At-Risk
INV002119,6,2024-03-29,2025-04-23,82710,13785.0,78.0,195.0,67.81,True,At-Risk
INV002121,7,2024-04-05,2025-05-21,69342,9906.0,68.5,197.0,68.97,True,At-Risk
INV002122,7,2024-09-26,2025-05-26,66891,9555.86,40.33,97.0,29.31,True,At-Risk
INV002127,6,2024-05-18,2025-03-15,66425,11070.83,60.2,113.0,39.31,True,At-Risk
INV002134,7,2024-01-20,2025-05-30,29028,4146.86,82.67,180.0,52.1,True,At-Risk
INV002138,6,2024-01-22,2025-04-25,20298,3383.0,91.8,189.0,84.47,True,At-Risk
INV002142,9,2024-05-01,2025-04-30,118669,13185.44,45.5,162.0,55.63,True,At-Risk
INV002143,8,2024-01-15,2025-04-04,73958,9244.75,63.57,148.0,50.89,True,At-Risk
INV002149,8,2024-05-03,2025-02-23,71024,8878.0,42.29,215.0,77.21,True,At-Risk
INV002150,6,2024-03-14,2025-03-17,57183,9530.5,73.6,216.0,81.05,True,At-Risk
INV002151,9,2024-01-16,2025-05-13,185290,20587.78,60.38,201.0,63.17,True,At-Risk
INV002153,7,2024-03-22,2025-05-03,28131,4018.71,67.83,194.0,80.67,True,At-Risk
INV002154,6,2024-01-26,2025-04-17,42587,7097.83,89.4,175.0,59.53,True,At-Risk
INV002155,6,2024-04-02,2025-04-27,24270,4045.0,78.0,190.0,82.1,True,At-Risk
INV002157,7,2024-02-03,2025-01-19,66010,9430.0,58.5,142.0,49.56,True,At-Risk
INV002159,6,2024-06-18,2025-05-09,57957,9659.5,65.0,104.0,35.53,True,At-Risk
INV002162,9,2024-02-04,2025-05-16,176674,19630.44,58.38,198.0,61.24,True,At-Risk
INV002166,6,2024-01-01,2025-05-11,88421,14736.83,99.2,248.0,89.74,True,At-Risk
INV002171,7,2024-03-08,2025-02-06,55736,7962.29,55.83,150.0,60.72,True,At-Risk
INV002177,7,2024-03-16,2025-05-28,93321,13331.57,73.0,330.0,126.7,True,At-Risk
INV002178,8,2024-02-10,2025-05-20,66309,8288.62,66.43,236.0,84.29,True,At-Risk
INV002179,8,2024-02-10,2025-02-23,77276,9659.5,54.14,171.0,61.86,True,At-Risk
INV002182,7,2024-02-19,2025-04-17,127872,18267.43,70.5,148.0,48.57,True,At-Risk
INV002185,6,2024-03-16,2024-11-13,87101,14516.83,48.4,92.0,41.17,True,At-Risk
INV002186,7,2024-02-05,2025-04-29,110455,15779.29,74.83,167.0,56.09,True,At-Risk
INV002187,7,2024-04-02,2025-05-14,51698,7385.43,67.83,221.0,82.54,True,At-Risk
INV002195,9,2024-03-05,2025-04-03,141661,15740.11,49.25,154.0,50.66,True,At-Risk
INV002196,8,2024-01-02,2025-03-12,123014,15376.75,62.14,115.0,40.94,True,At-Risk
INV002198,9,2024-05-08,2025-04-17,50035,5559.44,43.0,93.0,30.88,True,At-Risk
INV002199,7,2024-02-14,2024-12-15,22813,3259.0,50.83,94.0,34.04,True,At-Risk
INV002202,8,2024-01-13,2025-05-20,16013,2001.62,70.43,276.0,103.27,True,At-Risk
INV002206,7,2024-02-22,2024-12-12,119856,17122.29,49.0,141.0,48.13,True,At-Risk
INV002208,7,2024-01-31,2025-04-03,113907,16272.43,71.33,142.0,49.5,True,At-Risk
INV002211,7,2024-03-28,2025-04-15,75896,10842.29,63.83,109.0,44.5,True,At-Risk
INV002216,8,2024-03-01,2025-05-07,122472,15309.0,61.71,172.0,56.11,True,At-Risk
INV002218,6,2024-03-31,2025-03-05,78519,13086.5,67.8,181.0,68.83,True,At-Risk
INV002219,8,2024-01-04,2025-05-14,41599,5199.88,70.86,166.0,60.22,True,At-Risk
INV002228,6,2024-02-24,2025-02-01,75215,12535.83,68.6,109.0,34.8,True,At-Risk
INV002229,6,2024-04-19,2025-03-08,113731,18955.17,64.6,101.0,26.35,True,At-Risk
INV002230,8,2024-03-18,2025-04-25,170960,21370.0,57.57,171.0,57.51,True,At-Risk
INV002232,7,2024-01-08,2025-02-26,105171,15024.43,69.17,174.0,69.46,True,At-Risk
INV002236,7,2024-01-16,2025-04-02,38246,5463.71,73.67,119.0,44.67,True,At-Risk
INV002237,7,2024-05-17,2025-03-23,61264,8752.0,51.67,142.0,60.43,True,At-Risk
INV002240,7,2024-02-02,2025-05-14,28229,4032.71,77.83,266.0,99.72,True,At-Risk
INV002241,7,2024-04-19,2025-05-18,40838,5834.0,65.67,124.0,46.08,True,At-Risk
INV002251,6,2024-06-24,2025-05-03,140754,23459.0,62.6,157.0,62.35,True,At-Risk
INV002256,6,2024-01-14,2025-01-26,86659,14443.17,75.6,115.0,38.82,True,At-Risk
INV002259,7,2024-04-27,2025-01-24,139276,19896.57,45.33,89.0,36.27,True,At-Risk
INV002260,6,2024-01-25,2025-02-17,43224,7204.0,77.8,235.0,101.24,True,At-Risk
INV002265,7,2024-05-07,2025-05-21,74670,10667.14,63.17,244.0,89.3,True,At-Risk
INV002277,7,2024-03-05,2025-04-13,58558,8365.43,67.33,127.0,49.15,True,At-Risk
INV002280,7,2024-03-15,2025-05-19,48070,6867.14,71.67,182.0,60.62,True,At-Risk
INV002282,6,2024-05-02,2025-01-23,90468,15078.0,53.2,102.0,36.35,True,At-Risk
INV002284,6,2024-02-13,2025-04-13,113616,18936.0,85.0,277.0,110.07,True,At-Risk
INV002290,6,2024-04-28,2025-03-02,49049,8174.83,61.6,112.0,46.72,True,At-Risk
INV002294,8,2024-04-01,2025-03-08,93669,11708.62,48.71,163.0,54.92,True,At-Risk
INV002295,7,2024-02-10,2025-03-03,97348,13906.86,64.5,159.0,51.6,True,At-Risk
INV002298,6,2024-09-30,2025-01-24,79273,13212.17,23.2,37.0,14.06,False,Healthy Cadence
INV002304,10,2024-03-28,2025-04-15,88837,8883.7,42.56,104.0,27.76,True,At-Risk
INV002315,7,2024-03-01,2025-05-06,71574,10224.86,71.83,174.0,76.24,True,At-Risk
INV002319,7,2024-01-19,2025-01-13,77278,11039.71,60.0,123.0,45.64,True,At-Risk
INV002322,6,2024-05-28,2025-04-10,54669,9111.5,63.4,102.0,40.61,True,At-Risk
INV002327,6,2024-01-27,2025-02-12,17936,2989.33,76.4,215.0,80.99,True,At-Risk
INV002329,7,2024-01-06,2024-12-13,94661,13523.0,57.0,183.0,66.21,True,At-Risk
INV002342,6,2024-04-13,2025-04-19,43134,7189.0,74.2,212.0,78.02,True,At-Risk
INV002343,9,2024-01-04,2025-04-10,97388,10820.89,57.75,115.0,39.71,True,At-Risk
INV002347,9,2024-06-10,2025-04-30,30517,3390.78,40.5,79.0,25.99,True,At-Risk
INV002348,6,2024-01-30,2025-05-16,43335,7222.5,94.4,166.0,59.82,True,At-Risk
INV002349,6,2024-04-08,2024-12-25,31786,5297.67,52.2,75.0,25.78,True,At-Risk
INV002351,6,2024-03-13,2025-04-03,66039,11006.5,77.2,204.0,71.48,True,At-Risk
INV002357,7,2024-01-03,2025-02-16,77648,11092.57,68.33,240.0,87.07,True,At-Risk
INV002360,9,2024-03-05,2025-05-28,147868,16429.78,56.12,129.0,46.27,True,At-Risk
INV002361,6,2024-01-08,2024-10-11,123135,20522.5,55.4,198.0,81.83,True,At-Risk
INV002367,7,2024-05-11,2025-03-22,52309,7472.71,52.5,134.0,59.8,True,At-Risk
INV002368,7,2024-04-06,2025-04-08,36706,5243.71,61.17,215.0,77.99,True,At-Risk
INV002369,6,2024-04-02,2025-01-27,142348,23724.67,60.0,136.0,50.66,True,At-Risk
INV002370,7,2024-03-10,2025-05-05,89876,12839.43,70.17,237.0,83.43,True,At-Risk
INV002372,6,2024-01-26,2025-05-16,55170,9195.0,95.2,133.0,31.08,True,At-Risk
INV002373,8,2024-01-19,2025-05-24,177377,22172.12,70.14,154.0,57.91,True,At-Risk
INV002374,6,2024-10-21,2025-02-04,87120,14520.0,21.2,34.0,12.36,False,Healthy Cadence
INV002384,10,2024-06-05,2025-05-23,107297,10729.7,39.11,92.0,31.58,True,At-Risk
INV002388,6,2024-11-27,2025-05-12,109517,18252.83,33.2,84.0,29.69,False,Healthy Cadence
INV002389,10,2024-02-06,2025-05-08,37401,3740.1,50.78,126.0,47.94,True,At-Risk
INV002390,6,2024-03-20,2024-11-10,90741,15123.5,47.0,100.0,30.22,True,At-Risk
INV002391,6,2024-05-05,2024-11-22,59250,9875.0,40.2,124.0,49.71,True,At-Risk
INV002395,6,2024-01-17,2025-05-16,58610,9768.33,97.0,225.0,84.41,True,At-Risk
INV002400,9,2024-01-04,2025-03-22,37008,4112.0,55.38,141.0,44.37,True,At-Risk
INV002401,8,2024-01-12,2025-03-01,30941,3867.62,59.14,125.0,40.77,True,At-Risk
INV002402,7,2024-08-17,2025-05-27,91623,13089.0,47.17,89.0,32.42,True,At-Risk
INV002407,7,2024-08-02,2025-05-16,68991,9855.86,47.83,167.0,60.01,True,At-Risk
INV002409,8,2024-05-04,2025-05-28,88823,11102.88,55.57,125.0,44.52,True,At-Risk
INV002413,8,2024-05-24,2025-05-30,63974,7996.75,53.0,189.0,64.28,True,At-Risk
INV002415,8,2024-03-14,2025-04-20,96841,12105.12,57.43,110.0,43.13,True,At-Risk
INV002417,7,2024-01-03,2025-05-17,126729,18104.14,83.33,190.0,84.1,True,At-Risk
INV002418,6,2024-01-30,2025-05-02,34952,5825.33,91.6,128.0,49.26,True,At-Risk
INV002420,6,2024-01-15,2025-01-13,54588,9098.0,72.8,107.0,33.23,True,At-Risk
INV002422,10,2024-01-25,2025-04-22,78015,7801.5,50.33,139.0,45.98,True,At-Risk
INV002429,6,2024-02-16,2025-03-15,95082,15847.0,78.6,216.0,89.97,True,At-Risk
INV002434,6,2024-01-13,2025-03-29,38421,6403.5,88.2,217.0,82.45,True,At-Risk
INV002437,7,2024-04-25,2025-02-14,180355,25765.0,49.17,212.0,80.95,True,At-Risk
INV002445,8,2024-02-24,2024-11-17,93265,11658.12,38.14,117.0,37.81,True,At-Risk
INV002453,7,2024-03-14,2025-03-27,76815,10973.57,63.0,87.0,14.9,True,At-Risk
INV002458,6,2024-04-20,2025-04-17,80628,13438.0,72.4,232.0,94.01,True,At-Risk
INV002459,8,2024-02-03,2025-02-13,40242,5030.25,53.71,161.0,53.34,True,At-Risk
INV002463,6,2024-02-07,2025-05-29,43792,7298.67,95.4,236.0,101.05,True,At-Risk
INV002464,6,2024-02-21,2024-08-16,50372,8395.33,35.4,97.0,36.03,True,At-Risk
INV002466,7,2024-01-30,2025-05-28,96619,13802.71,80.67,270.0,96.78,True,At-Risk
INV002467,8,2024-01-03,2024-10-01,200058,25007.25,38.86,116.0,38.58,True,At-Risk
INV002471,6,2024-01-07,2024-10-15,65355,10892.5,56.4,98.0,41.98,True,At-Risk
INV002475,10,2024-03-06,2025-05-27,65140,6514.0,49.67,119.0,37.0,True,At-Risk
INV002476,6,2024-01-19,2025-03-24,74851,12475.17,86.0,235.0,87.8,True,At-Risk
INV002485,6,2024-03-25,2025-03-12,58588,9764.67,70.4,136.0,47.34,True,At-Risk
INV002490,8,2024-01-09,2025-05-13,221876,27734.5,70.0,125.0,39.28,True,At-Risk
INV002495,6,2024-01-04,2025-02-18,64609,10768.17,82.2,174.0,76.63,True,At-Risk
INV002496,6,2024-08-09,2025-05-01,28341,4723.5,53.0,156.0,59.3,True,At-Risk
INV002497,8,2024-01-13,2025-04-28,105613,13201.62,67.29,152.0,48.12,True,At-Risk
INV002508,9,2024-04-06,2025-05-24,128547,14283.0,51.62,171.0,60.35,True,At-Risk
INV002509,10,2024-02-07,2024-12-06,117779,11777.9,33.67,74.0,23.82,False,Healthy Cadence
INV002510,7,2024-01-10,2025-01-30,83001,11857.29,64.33,176.0,70.48,True,At-Risk
INV002521,6,2024-04-27,2025-05-05,46638,7773.0,74.6,206.0,84.38,True,At-Risk
INV002527,7,2024-01-18,2024-11-11,9444,1349.14,49.67,93.0,33.76,True,At-Risk
INV002530,8,2024-01-05,2025-05-19,74111,9263.88,71.43,175.0,61.94,True,At-Risk
INV002531,7,2024-02-01,2025-05-04,30854,4407.71,76.33,182.0,61.85,True,At-Risk
INV002543,7,2024-02-05,2025-04-28,90368,12909.71,74.67,116.0,33.66,True,At-Risk
INV002547,6,2024-02-04,2025-04-24,19927,3321.17,89.0,181.0,60.91,True,At-Risk
INV002552,10,2024-01-10,2025-03-19,117496,11749.6,48.22,184.0,54.87,True,At-Risk
INV002554,7,2024-01-04,2024-10-28,51011,7287.29,49.67,100.0,39.84,True,At-Risk
INV002555,7,2024-01-30,2025-04-06,87655,12522.14,72.0,172.0,60.45,True,At-Risk
INV002557,7,2024-03-30,2025-05-07,32589,4655.57,67.17,264.0,100.49,True,At-Risk
INV002558,6,2024-01-23,2025-05-25,52002,8667.0,97.6,297.0,114.6,True,At-Risk
INV002560,6,2024-01-02,2025-04-22,25934,4322.33,95.2,155.0,58.44,True,At-Risk
INV002563,6,2024-01-27,2024-12-21,18179,3029.83,65.8,114.0,37.18,True,At-Risk
INV002567,6,2024-01-05,2025-02-18,51780,8630.0,82.0,127.0,41.3,True,At-Risk
INV002568,8,2024-03-02,2025-05-07,138384,17298.0,61.57,144.0,47.39,True,At-Risk
INV002570,7,2024-02-14,2025-02-20,26296,3756.57,62.0,150.0,49.88,True,At-Risk
INV002572,8,2024-04-24,2025-05-19,126760,15845.0,55.71,108.0,39.15,True,At-Risk
INV002574,6,2024-01-31,2025-03-03,98204,16367.33,79.4,139.0,60.06,True,At-Risk
INV002575,9,2024-02-18,2025-05-12,155419,17268.78,56.12,128.0,46.3,True,At-Risk
INV002579,6,2024-08-14,2025-03-06,136656,22776.0,40.8,71.0,27.82,True,At-Risk
INV002582,6,2024-02-01,2025-02-22,18333,3055.5,77.4,173.0,55.2,True,At-Risk
INV002585,6,2024-03-29,2025-02-17,46894,7815.67,65.0,124.0,35.81,True,At-Risk
INV002586,6,2024-03-13,2025-05-23,73304,12217.33,87.2,168.0,66.53,True,At-Risk
INV002590,10,2024-01-28,2025-04-24,151056,15105.6,50.22,125.0,36.73,True,At-Risk
INV002591,6,2024-06-19,2025-03-07,29695,4949.17,52.2,139.0,48.81,True,At-Risk
INV002594,6,2024-02-07,2025-05-22,98891,16481.83,94.0,244.0,105.61,True,At-Risk
INV002598,9,2024-02-21,2025-04-07,121198,13466.44,51.38,179.0,56.56,True,At-Risk
INV002602,8,2024-02-10,2025-05-17,95414,11926.75,66.0,151.0,46.53,True,At-Risk
INV002606,6,2024-03-02,2025-05-24,73666,12277.67,89.6,248.0,98.04,True,At-Risk
INV002613,8,2024-02-16,2025-05-16,23849,2981.12,65.0,143.0,46.64,True,At-Risk
INV002622,7,2024-01-29,2025-05-03,64167,9166.71,76.67,244.0,83.97,True,At-Risk
INV002627,6,2024-03-23,2025-05-22,40609,6768.17,85.0,182.0,82.74,True,At-Risk
INV002628,6,2024-02-01,2025-02-20,42616,7102.67,77.0,322.0,137.32,True,At-Risk
INV002632,8,2024-01-26,2025-04-29,70430,8803.75,65.57,180.0,68.63,True,At-Risk
INV002640,7,2024-01-29,2025-03-24,66928,9561.14,70.0,153.0,52.96,True,At-Risk
INV002643,6,2024-02-03,2025-02-08,32343,5390.5,74.2,229.0,87.78,True,At-Risk
INV002645,7,2024-03-16,2024-12-12,89681,12811.57,45.17,133.0,46.89,True,At-Risk
INV002654,8,2024-02-05,2025-04-13,97131,12141.38,61.86,115.0,44.96,True,At-Risk
INV002659,7,2024-03-17,2025-03-26,96575,13796.43,62.33,224.0,82.79,True,At-Risk
INV002666,7,2024-06-06,2025-04-21,50807,7258.14,53.17,100.0,39.38,True,At-Risk
INV002671,7,2024-02-10,2025-05-18,121426,17346.57,77.17,163.0,59.05,True,At-Risk
INV002673,8,2024-02-21,2025-05-21,205287,25660.88,65.0,147.0,49.5,True,At-Risk
INV002674,6,2024-02-06,2025-02-19,109896,18316.0,75.8,153.0,55.05,True,At-Risk
INV002675,8,2024-02-05,2025-04-27,104247,13030.88,63.86,138.0,41.97,True,At-Risk
INV002681,7,2024-01-13,2025-05-29,77813,11116.14,83.67,161.0,65.82,True,At-Risk
INV002684,6,2024-01-28,2025-03-06,81047,13507.83,80.6,266.0,113.73,True,At-Risk
INV002688,9,2024-06-25,2025-04-17,127567,14174.11,37.0,122.0,38.12,True,At-Risk
INV002689,8,2024-03-10,2025-02-23,78790,9848.75,50.0,115.0,40.54,True,At-Risk
INV002693,7,2024-06-06,2025-03-08,166843,23834.71,45.83,72.0,16.73,True,At-Risk
INV002697,7,2024-01-20,2024-12-17,61207,8743.86,55.33,199.0,73.24,True,At-Risk
INV002700,7,2024-01-10,2025-05-03,40488,5784.0,79.83,140.0,40.55,True,At-Risk
INV002704,8,2024-03-19,2025-05-07,75458,9432.25,59.14,139.0,50.0,True,At-Risk
INV002705,8,2024-04-11,2024-09-16,53493,6686.62,22.57,70.0,21.03,False,Healthy Cadence
INV002706,6,2024-03-26,2025-03-29,69684,11614.0,73.6,133.0,47.3,True,At-Risk
INV002711,8,2024-01-26,2025-04-29,73628,9203.5,65.57,230.0,75.53,True,At-Risk
INV002712,11,2024-02-06,2025-05-19,102129,9284.45,46.8,174.0,51.55,True,At-Risk
INV002722,6,2024-06-08,2025-04-11,36876,6146.0,61.4,178.0,76.43,True,At-Risk
INV002723,9,2024-07-31,2025-05-29,44585,4953.89,37.75,102.0,34.6,True,At-Risk
INV002724,6,2024-02-15,2025-03-04,94701,15783.5,76.6,187.0,73.28,True,At-Risk
INV002726,8,2024-06-18,2025-05-03,41222,5152.75,45.57,84.0,31.05,True,At-Risk
INV002732,8,2024-01-07,2025-05-16,96854,12106.75,70.71,151.0,51.8,True,At-Risk
INV002733,8,2024-05-25,2025-05-21,56424,7053.0,51.57,150.0,67.81,True,At-Risk
INV002735,7,2024-03-23,2025-05-06,88635,12662.14,68.17,136.0,39.88,True,At-Risk
INV002736,6,2024-01-17,2025-01-04,64757,10792.83,70.6,323.0,141.2,True,At-Risk
INV002737,8,2024-03-30,2025-05-13,102279,12784.88,58.43,104.0,35.69,True,At-Risk
INV002743,6,2024-03-14,2025-05-29,40865,6810.83,88.2,190.0,72.2,True,At-Risk
INV002744,10,2024-01-31,2025-05-21,64967,6496.7,52.89,139.0,42.45,True,At-Risk
INV002746,8,2024-01-14,2025-05-04,48769,6096.12,68.0,206.0,74.04,True,At-Risk
INV002750,6,2024-03-17,2025-03-14,54778,9129.67,72.4,254.0,105.11,True,At-Risk
INV002751,7,2024-05-15,2025-01-19,95314,13616.29,41.5,102.0,36.03,True,At-Risk
INV002758,6,2024-03-17,2025-04-26,100322,16720.33,81.0,263.0,104.31,True,At-Risk
INV002761,6,2024-03-01,2025-04-08,61101,10183.5,80.6,312.0,130.96,True,At-Risk
INV002766,6,2024-05-21,2025-05-09,73612,12268.67,70.6,151.0,71.29,True,At-Risk
INV002767,7,2024-06-14,2025-05-12,54936,7848.0,55.33,145.0,53.06,True,At-Risk
INV002769,7,2024-01-23,2025-05-29,149870,21410.0,82.0,141.0,40.28,True,At-Risk
INV002772,7,2024-01-09,2025-03-31,59984,8569.14,74.5,168.0,62.18,True,At-Risk
INV002779,6,2024-06-24,2025-05-11,120653,20108.83,64.2,151.0,55.78,True,At-Risk
INV002783,7,2024-05-05,2025-05-24,63570,9081.43,64.0,126.0,41.1,True,At-Risk
INV002786,7,2024-01-12,2025-04-14,94391,13484.43,76.33,124.0,47.75,True,At-Risk
INV002793,7,2024-05-30,2025-05-21,73091,10441.57,59.33,125.0,48.36,True,At-Risk
INV002794,7,2024-02-12,2025-01-14,62084,8869.14,56.17,111.0,37.11,True,At-Risk
INV002799,6,2024-01-27,2025-01-15,77732,12955.33,70.8,129.0,47.75,True,At-Risk
INV002800,7,2024-03-12,2025-03-28,92767,13252.43,63.5,108.0,33.57,True,At-Risk
INV002803,7,2024-02-16,2025-03-11,32936,4705.14,64.83,176.0,60.21,True,At-Risk
INV002804,8,2024-03-27,2025-05-20,50641,6330.12,59.86,209.0,70.96,True,At-Risk
INV002808,7,2024-05-04,2025-04-27,114782,16397.43,59.67,120.0,47.66,True,At-Risk
INV002809,6,2024-03-23,2025-05-04,27992,4665.33,81.4,276.0,114.14,True,At-Risk
INV002810,8,2024-06-26,2025-02-07,198382,24797.75,32.29,139.0,47.33,False,Healthy Cadence
INV002813,7,2024-04-30,2025-02-18,58938,8419.71,49.0,149.0,50.24,True,At-Risk
INV002822,7,2024-07-02,2025-05-16,79723,11389.0,53.0,108.0,36.83,True,At-Risk
INV002824,7,2024-02-25,2025-05-01,129424,18489.14,71.83,223.0,77.5,True,At-Risk
INV002826,6,2024-01-20,2024-11-23,16841,2806.83,61.6,91.0,31.86,True,At-Risk
INV002827,6,2024-02-15,2025-02-17,31630,5271.67,73.6,200.0,73.22,True,At-Risk
INV002828,6,2024-02-22,2025-03-28,24496,4082.67,80.0,211.0,77.63,True,At-Risk
INV002831,6,2024-05-28,2024-12-15,41114,6852.33,40.2,72.0,26.58,True,At-Risk
INV002835,7,2024-01-06,2025-05-14,66597,9513.86,82.33,233.0,88.12,True,At-Risk
INV002838,8,2024-03-28,2025-04-29,85390,10673.75,56.71,116.0,43.59,True,At-Risk
INV002841,6,2024-09-09,2025-04-14,66169,11028.17,43.4,102.0,43.17,True,At-Risk
INV002843,8,2024-07-18,2025-05-16,39772,4971.5,43.14,128.0,41.95,True,At-Risk
INV002847,10,2024-01-03,2025-04-21,54971,5497.1,52.67,129.0,44.89,True,At-Risk
INV002850,7,2024-04-13,2025-02-26,60216,8602.29,53.17,166.0,58.82,True,At-Risk
INV002852,6,2024-03-09,2025-03-23,72731,12121.83,75.8,207.0,81.37,True,At-Risk
INV002859,7,2024-02-15,2025-05-19,102010,14572.86,76.5,198.0,71.39,True,At-Risk
INV002863,6,2024-01-15,2025-01-21,64141,10690.17,74.4,199.0,71.26,True,At-Risk
INV002865,6,2024-04-21,2024-10-24,101007,16834.5,37.2,50.0,11.65,True,At-Risk
INV002870,6,2024-01-18,2024-09-15,46965,7827.5,48.2,109.0,45.0,True,At-Risk
INV002872,6,2024-03-19,2025-05-21,46749,7791.5,85.6,199.0,75.79,True,At-Risk
INV002873,6,2024-01-18,2025-05-23,103488,17248.0,98.2,235.0,86.25,True,At-Risk
INV002879,7,2024-03-20,2025-05-27,67219,9602.71,72.17,125.0,47.63,True,At-Risk
INV002881,6,2024-04-08,2024-11-12,73870,12311.67,43.6,110.0,40.13,True,At-Risk
INV002883,6,2024-01-18,2025-05-12,127978,21329.67,96.0,176.0,62.89,True,At-Risk
INV002886,7,2024-01-24,2024-10-16,111958,15994.0,44.33,137.0,49.89,True,At-Risk
INV002891,8,2024-01-04,2025-05-27,91856,11482.0,72.71,166.0,55.67,True,At-Risk
INV002893,9,2024-01-01,2025-02-04,67163,7462.56,50.0,148.0,57.92,True,At-Risk
INV002900,6,2024-05-20,2025-04-06,74395,12399.17,64.2,136.0,52.56,True,At-Risk
INV002903,6,2024-02-04,2025-04-27,34145,5690.83,89.6,176.0,49.87,True,At-Risk
INV002904,7,2024-06-25,2025-04-17,21362,3051.71,49.33,104.0,41.9,True,At-Risk
INV002905,6,2024-03-03,2025-03-03,41724,6954.0,73.0,221.0,84.34,True,At-Risk
INV002906,6,2024-06-23,2025-01-15,88578,14763.0,41.2,74.0,22.74,True,At-Risk
INV002909,7,2024-01-13,2025-05-21,78147,11163.86,82.33,263.0,93.23,True,At-Risk
INV002912,6,2024-01-22,2025-05-21,82487,13747.83,97.0,342.0,137.67,True,At-Risk
INV002913,7,2024-02-08,2025-04-25,83828,11975.43,73.67,168.0,60.51,True,At-Risk
INV002915,8,2024-03-02,2025-02-10,115638,14454.75,49.29,117.0,49.78,True,At-Risk
INV002921,7,2024-04-28,2025-03-14,150805,21543.57,53.33,121.0,46.89,True,At-Risk
INV002927,8,2024-08-01,2025-05-10,84741,10592.62,40.29,79.0,27.99,True,At-Risk
INV002935,7,2024-05-08,2025-02-20,50280,7182.86,48.0,72.0,23.76,True,At-Risk
INV002937,7,2024-02-15,2025-03-24,137371,19624.43,67.17,184.0,69.57,True,At-Risk
INV002939,7,2024-04-23,2025-04-21,52116,7445.14,60.5,127.0,47.8,True,At-Risk
INV002942,9,2024-01-14,2025-04-02,85118,9457.56,55.5,180.0,59.01,True,At-Risk
INV002945,8,2024-01-27,2025-04-26,119666,14958.25,65.0,139.0,37.22,True,At-Risk
INV002947,7,2024-01-05,2025-01-24,35512,5073.14,64.17,152.0,60.03,True,At-Risk
INV002950,8,2024-05-21,2025-04-07,52718,6589.75,45.86,119.0,36.5,True,At-Risk
INV002951,7,2024-03-03,2025-01-08,41135,5876.43,51.83,82.0,28.61,True,At-Risk
INV002961,7,2024-01-02,2025-05-24,116671,16667.29,84.67,231.0,90.37,True,At-Risk
INV002974,7,2024-05-13,2025-03-17,91467,13066.71,51.33,105.0,31.94,True,At-Risk
INV002984,6,2024-01-24,2025-04-23,49158,8193.0,91.0,200.0,69.13,True,At-Risk
INV002989,6,2024-02-15,2025-04-23,97001,16166.83,86.6,182.0,73.09,True,At-Risk
INV002994,7,2024-05-13,2025-04-27,109553,15650.43,58.17,142.0,54.09,True,At-Risk
INV003000,7,2024-03-13,2025-04-19,54577,7796.71,67.0,137.0,51.2,True,At-Risk
INV003003,9,2024-02-04,2025-05-15,43344,4816.0,58.25,100.0,29.13,True,At-Risk
INV003005,8,2024-02-28,2025-03-06,92598,11574.75,53.14,107.0,43.04,True,At-Risk
INV003007,9,2024-05-05,2025-05-26,50688,5632.0,48.25,162.0,52.01,True,At-Risk
INV003009,9,2024-06-16,2025-04-17,44642,4960.22,38.12,84.0,29.83,True,At-Risk
INV003011,7,2024-02-09,2025-02-28,49243,7034.71,64.17,154.0,53.74,True,At-Risk
INV003014,6,2024-04-09,2025-05-26,203009,33834.83,82.4,144.0,63.63,True,At-Risk
INV003015,7,2024-06-27,2025-05-21,114153,16307.57,54.67,91.0,34.55,True,At-Risk
INV003018,6,2024-03-13,2024-11-14,48461,8076.83,49.2,156.0,61.61,True,At-Risk
INV003022,6,2024-03-22,2025-03-05,108990,18165.0,69.6,123.0,42.51,True,At-Risk
INV003024,6,2024-09-24,2025-05-03,49549,8258.17,44.2,122.0,44.51,True,At-Risk
INV003025,8,2024-02-18,2024-10-22,71546,8943.25,35.29,65.0,20.22,True,At-Risk
INV003028,6,2024-01-02,2025-04-03,77674,12945.67,91.4,183.0,72.51,True,At-Risk
INV003034,6,2024-05-07,2025-05-09,92731,15455.17,73.4,118.0,41.19,True,At-Risk
INV003036,8,2024-04-16,2025-05-25,134774,16846.75,57.71,138.0,56.91,True,At-Risk
INV003037,7,2024-02-08,2025-05-30,42399,6057.0,79.5,300.0,109.48,True,At-Risk
INV003040,6,2024-01-06,2025-01-10,51162,8527.0,74.0,194.0,72.92,True,At-Risk
INV003043,7,2024-01-30,2025-04-17,78142,11163.14,73.83,131.0,45.71,True,At-Risk
INV003044,7,2024-02-24,2025-04-26,60913,8701.86,71.17,237.0,87.43,True,At-Risk
INV003045,6,2024-03-07,2024-09-04,32392,5398.67,36.2,71.0,25.91,True,At-Risk
INV003047,8,2024-01-20,2025-05-25,137083,17135.38,70.14,215.0,66.62,True,At-Risk
INV003054,7,2024-01-01,2025-04-17,76249,10892.71,78.67,209.0,98.39,True,At-Risk
INV003060,7,2024-01-06,2025-04-24,69534,9933.43,79.0,135.0,41.97,True,At-Risk
INV003063,7,2024-01-05,2024-12-17,27315,3902.14,57.83,112.0,35.76,True,At-Risk
INV003070,9,2024-01-06,2025-03-17,116790,12976.67,54.5,132.0,45.9,True,At-Risk
INV003074,6,2024-02-23,2025-03-03,78967,13161.17,74.8,123.0,44.99,True,At-Risk
INV003075,8,2024-01-05,2025-02-10,169132,21141.5,57.43,128.0,38.11,True,At-Risk
INV003078,7,2024-02-12,2025-04-02,55176,7882.29,69.17,126.0,47.51,True,At-Risk
INV003082,8,2024-03-16,2025-02-04,40228,5028.5,46.43,142.0,47.72,True,At-Risk
INV003083,6,2024-01-25,2024-12-22,38189,6364.83,66.4,169.0,59.75,True,At-Risk
INV003089,6,2024-01-23,2024-12-13,72760,12126.67,65.0,107.0,38.12,True,At-Risk
INV003091,9,2024-03-12,2025-04-23,35993,3999.22,50.88,199.0,65.36,True,At-Risk
INV003095,6,2024-03-03,2025-05-10,64248,10708.0,86.6,175.0,65.32,True,At-Risk
INV003097,8,2024-01-06,2025-03-20,151274,18909.25,62.71,121.0,33.14,True,At-Risk
INV003105,7,2024-02-16,2025-03-15,121433,17347.57,65.5,140.0,58.66,True,At-Risk
INV003112,6,2024-01-22,2025-04-24,68105,11350.83,91.6,173.0,56.08,True,At-Risk
INV003113,8,2024-01-20,2025-05-02,115572,14446.5,66.86,159.0,54.59,True,At-Risk
INV003115,6,2024-05-01,2024-12-27,103814,17302.33,48.0,125.0,47.25,True,At-Risk
INV003117,8,2024-02-10,2025-05-21,74326,9290.75,66.57,115.0,30.54,True,At-Risk
INV003134,7,2024-02-10,2025-05-16,111805,15972.14,76.83,172.0,57.19,True,At-Risk
INV003139,7,2024-03-21,2025-02-15,79357,11336.71,55.17,133.0,50.42,True,At-Risk
INV003140,8,2024-03-11,2025-04-14,47273,5909.12,57.0,125.0,57.9,True,At-Risk
INV003141,7,2024-02-13,2025-03-24,87927,12561.0,67.5,225.0,80.21,True,At-Risk
INV003144,7,2024-01-11,2025-05-20,54671,7810.14,82.5,243.0,88.47,True,At-Risk
INV003146,9,2024-02-01,2025-05-22,116340,12926.67,59.5,283.0,92.06,True,At-Risk
INV003151,6,2024-04-11,2025-05-21,38290,6381.67,81.0,146.0,53.97,True,At-Risk
INV003153,7,2024-02-14,2024-10-15,82703,11814.71,40.67,156.0,57.5,True,At-Risk
INV003158,9,2024-01-27,2025-04-16,95466,10607.33,55.62,138.0,53.44,True,At-Risk
INV003161,6,2024-03-09,2025-03-31,45870,7645.0,77.4,118.0,45.34,True,At-Risk
INV003169,6,2024-05-16,2025-03-25,31020,5170.0,62.6,178.0,79.12,True,At-Risk
INV003178,6,2024-02-18,2024-11-26,39480,6580.0,56.4,84.0,25.62,True,At-Risk
INV003179,9,2024-01-25,2025-04-19,64309,7145.44,56.25,151.0,54.36,True,At-Risk
INV003185,6,2024-05-24,2025-04-15,78275,13045.83,65.2,116.0,43.44,True,At-Risk
INV003187,9,2024-02-01,2025-05-12,51008,5667.56,58.25,244.0,87.76,True,At-Risk
INV003189,9,2024-02-02,2025-04-18,34519,3835.44,55.12,198.0,61.39,True,At-Risk
INV003191,6,2024-03-17,2025-04-05,31967,5327.83,76.8,138.0,48.44,True,At-Risk
INV003193,6,2024-01-05,2025-05-02,65353,10892.17,96.6,294.0,122.03,True,At-Risk
INV003196,7,2024-01-04,2025-04-30,34448,4921.14,80.33,319.0,117.48,True,At-Risk
INV003205,7,2024-03-12,2025-04-22,50635,7233.57,67.67,111.0,24.68,True,At-Risk
INV003210,6,2024-01-12,2025-01-07,18851,3141.83,72.2,112.0,37.2,True,At-Risk
INV003211,7,2024-02-19,2025-04-08,73285,10469.29,69.0,104.0,38.22,True,At-Risk
INV003214,6,2024-03-19,2025-01-12,58100,9683.33,59.8,170.0,63.55,True,At-Risk
INV003215,7,2024-01-19,2025-01-18,30900,4414.29,60.83,105.0,29.47,True,At-Risk
INV003219,6,2024-02-27,2024-12-09,111640,18606.67,57.2,86.0,32.23,True,At-Risk
INV003221,7,2024-01-17,2025-01-18,188581,26940.14,61.17,99.0,39.15,True,At-Risk
INV003222,7,2024-01-12,2025-05-15,46924,6703.43,81.5,190.0,68.44,True,At-Risk
INV003223,8,2024-01-25,2025-05-13,115743,14467.88,67.71,331.0,117.83,True,At-Risk
INV003228,7,2024-02-02,2025-03-29,88333,12619.0,70.17,256.0,94.46,True,At-Risk
INV003230,7,2024-02-19,2025-03-30,59960,8565.71,67.5,251.0,95.54,True,At-Risk
INV003231,7,2024-01-17,2025-05-29,61212,8744.57,83.0,253.0,86.85,True,At-Risk
INV003234,6,2024-01-19,2025-05-16,45926,7654.33,96.6,188.0,68.0,True,At-Risk
INV003236,9,2024-01-18,2025-03-02,120464,13384.89,51.12,115.0,38.38,True,At-Risk
INV003242,7,2024-05-05,2025-05-06,60420,8631.43,61.0,159.0,63.63,True,At-Risk
INV003247,6,2024-03-30,2025-05-27,94982,15830.33,84.6,206.0,82.37,True,At-Risk
INV003252,6,2024-05-05,2025-04-08,102990,17165.0,67.6,192.0,72.39,True,At-Risk
INV003256,7,2024-07-25,2025-05-27,94745,13535.0,51.0,90.0,33.7,True,At-Risk
INV003257,6,2024-07-25,2025-05-30,145848,24308.0,61.8,139.0,49.43,True,At-Risk
INV003260,6,2024-02-15,2025-05-07,66384,11064.0,89.4,247.0,93.91,True,At-Risk
INV003262,6,2024-01-13,2025-03-14,140022,23337.0,85.2,162.0,58.26,True,At-Risk
INV003267,6,2024-01-10,2025-01-16,20825,3470.83,74.4,197.0,79.63,True,At-Risk
INV003271,7,2024-02-09,2025-02-10,38769,5538.43,61.17,157.0,56.94,True,At-Risk
INV003273,8,2024-03-17,2025-05-12,195095,24386.88,60.14,134.0,46.11,True,At-Risk
INV003277,8,2024-05-19,2025-05-30,81268,10158.5,53.71,192.0,68.24,True,At-Risk
INV003279,9,2024-01-07,2025-05-28,155774,17308.22,63.38,147.0,43.42,True,At-Risk
INV003289,7,2024-02-15,2025-03-10,105165,15023.57,64.83,183.0,67.71,True,At-Risk
INV003300,6,2024-04-25,2025-03-15,92258,15376.33,64.8,219.0,88.43,True,At-Risk
INV003301,9,2024-01-25,2025-05-14,183141,20349.0,59.38,113.0,33.35,True,At-Risk
INV003304,10,2024-01-14,2025-02-15,135315,13531.5,44.22,180.0,54.86,True,At-Risk
INV003308,9,2024-02-19,2025-05-18,133172,14796.89,56.75,141.0,46.54,True,At-Risk
INV003310,6,2024-02-26,2025-04-05,33878,5646.33,80.8,154.0,54.25,True,At-Risk
INV003311,9,2024-04-09,2025-04-28,43171,4796.78,48.0,149.0,57.7,True,At-Risk
INV003314,7,2024-02-15,2025-05-01,179149,25592.71,73.5,210.0,71.23,True,At-Risk
INV003317,8,2024-04-02,2025-02-05,75540,9442.5,44.14,71.0,19.39,True,At-Risk
INV003320,8,2024-04-06,2025-02-17,107141,13392.62,45.29,192.0,69.05,True,At-Risk
INV003325,6,2024-01-07,2025-05-26,42846,7141.0,101.0,155.0,35.89,True,At-Risk
INV003329,6,2024-01-17,2025-04-06,113204,18867.33,89.0,230.0,107.78,True,At-Risk
INV003336,7,2024-02-24,2025-05-03,134860,19265.71,72.33,133.0,55.13,True,At-Risk
INV003338,9,2024-05-21,2025-03-17,153954,17106.0,37.5,155.0,50.48,True,At-Risk
INV003344,6,2024-02-10,2025-04-18,30966,5161.0,86.6,190.0,58.52,True,At-Risk
INV003350,6,2024-02-14,2025-05-21,27929,4654.83,92.4,191.0,75.84,True,At-Risk
INV003351,6,2024-07-15,2025-04-11,104400,17400.0,54.0,86.0,23.27,True,At-Risk
INV003352,8,2024-01-11,2025-05-02,113976,14247.0,68.14,279.0,95.04,True,At-Risk
INV003357,6,2024-05-17,2025-03-25,56022,9337.0,62.4,100.0,37.04,True,At-Risk
INV003360,8,2024-03-14,2025-05-04,66401,8300.12,59.43,163.0,48.61,True,At-Risk
INV003370,7,2024-03-13,2025-03-28,82199,11742.71,63.33,206.0,71.81,True,At-Risk
INV003372,6,2024-03-04,2024-12-26,31020,5170.0,59.4,118.0,40.53,True,At-Risk
INV003374,7,2024-06-11,2025-05-16,49043,7006.14,56.5,128.0,52.67,True,At-Risk
INV003375,8,2024-04-30,2025-05-04,135524,16940.5,52.71,158.0,56.67,True,At-Risk
INV003376,6,2024-03-21,2025-05-24,80609,13434.83,85.8,199.0,72.01,True,At-Risk
INV003379,7,2024-01-03,2025-03-29,53335,7619.29,75.17,268.0,98.14,True,At-Risk
INV003380,6,2024-03-02,2025-02-27,35744,5957.33,72.4,155.0,53.74,True,At-Risk
INV003382,6,2024-07-13,2024-12-31,70423,11737.17,34.2,85.0,30.7,False,Healthy Cadence
INV003391,6,2024-06-06,2025-03-16,75689,12614.83,56.6,193.0,76.51,True,At-Risk
INV003393,8,2024-03-02,2025-05-22,73545,9193.12,63.71,178.0,54.24,True,At-Risk
INV003395,6,2024-03-08,2025-04-07,56160,9360.0,79.0,192.0,64.71,True,At-Risk
INV003398,8,2024-02-27,2025-03-21,47267,5908.38,55.43,140.0,44.65,True,At-Risk
INV003403,6,2024-02-01,2024-11-10,50522,8420.33,56.6,116.0,51.87,True,At-Risk
INV003404,8,2024-03-01,2025-02-16,80637,10079.62,50.29,198.0,69.38,True,At-Risk
INV003405,8,2024-07-02,2025-04-15,95007,11875.88,41.0,186.0,64.67,True,At-Risk
INV003406,8,2024-02-02,2025-03-21,104922,13115.25,59.0,251.0,87.96,True,At-Risk
INV003407,8,2024-03-03,2025-04-09,51571,6446.38,57.43,146.0,47.24,True,At-Risk
INV003422,7,2024-01-07,2025-05-29,84910,12130.0,84.67,167.0,56.2,True,At-Risk
INV003424,7,2024-02-16,2025-04-30,60522,8646.0,73.17,124.0,46.01,True,At-Risk
INV003427,6,2024-02-05,2025-04-01,117717,19619.5,84.2,266.0,113.38,True,At-Risk
INV003430,6,2024-05-27,2025-05-29,54715,9119.17,73.4,104.0,24.77,True,At-Risk
INV003431,6,2024-07-01,2025-03-15,65461,10910.17,51.4,152.0,58.21,True,At-Risk
INV003432,7,2024-02-16,2025-02-18,63809,9115.57,61.33,97.0,33.1,True,At-Risk
INV003435,7,2024-02-13,2025-05-01,94339,13477.0,73.83,140.0,50.01,True,At-Risk
INV003437,6,2024-02-06,2025-05-07,43627,7271.17,91.2,226.0,85.6,True,At-Risk
INV003448,7,2024-02-04,2025-04-26,22057,3151.0,74.5,200.0,70.94,True,At-Risk
INV003450,10,2024-02-29,2025-05-03,140759,14075.9,47.67,158.0,48.12,True,At-Risk
INV003455,7,2024-05-17,2024-12-16,79732,11390.29,35.5,76.0,25.82,True,At-Risk
INV003457,7,2024-04-13,2025-04-11,75273,10753.29,60.5,117.0,40.0,True,At-Risk
INV003458,8,2024-02-06,2025-05-26,35913,4489.12,67.86,206.0,68.85,True,At-Risk
INV003459,6,2024-07-08,2025-05-01,42636,7106.0,59.4,113.0,43.9,True,At-Risk
INV003473,6,2024-01-08,2025-05-01,40058,6676.33,95.8,213.0,74.73,True,At-Risk
INV003475,9,2024-01-14,2025-04-06,75542,8393.56,56.0,155.0,59.85,True,At-Risk
INV003478,9,2024-01-27,2025-04-24,135853,15094.78,56.62,195.0,62.28,True,At-Risk
INV003479,8,2024-02-08,2025-05-13,90730,11341.25,65.71,164.0,61.58,True,At-Risk
INV003480,6,2024-01-18,2025-03-05,37752,6292.0,82.4,211.0,89.6,True,At-Risk
INV003484,6,2024-02-10,2025-02-13,108256,18042.67,73.8,333.0,144.96,True,At-Risk
INV003487,6,2024-02-29,2025-02-16,96051,16008.5,70.6,155.0,56.11,True,At-Risk
INV003491,9,2024-02-12,2025-05-30,58181,6464.56,59.12,119.0,49.88,True,At-Risk
INV003492,6,2024-02-10,2025-05-09,39990,6665.0,90.8,162.0,53.92,True,At-Risk
INV003495,10,2024-02-03,2025-04-21,76439,7643.9,49.22,121.0,37.09,True,At-Risk
INV003506,7,2024-04-18,2025-05-25,27834,3976.29,67.0,132.0,42.62,True,At-Risk
INV003509,9,2024-01-20,2025-05-21,91824,10202.67,60.88,149.0,50.83,True,At-Risk
INV003511,8,2024-01-19,2025-04-22,71560,8945.0,65.57,183.0,61.86,True,At-Risk
INV003514,6,2024-03-09,2025-03-15,90699,15116.5,74.2,172.0,62.01,True,At-Risk
INV003518,6,2024-04-22,2025-03-27,38843,6473.83,67.8,157.0,56.72,True,At-Risk
INV003521,6,2024-02-28,2025-05-18,46547,7757.83,89.0,183.0,60.39,True,At-Risk
INV003524,7,2024-02-18,2025-03-09,74739,10677.0,64.17,203.0,74.83,True,At-Risk
INV003526,6,2024-01-30,2025-04-15,30478,5079.67,88.2,224.0,81.8,True,At-Risk
INV003528,9,2024-01-23,2025-05-06,143222,15913.56,58.62,186.0,58.33,True,At-Risk
INV003530,6,2024-09-13,2025-05-26,78084,13014.0,51.0,101.0,46.66,True,At-Risk
INV003531,6,2024-01-17,2025-02-02,71480,11913.33,76.4,185.0,62.61,True,At-Risk
INV003534,8,2024-03-30,2025-04-03,53508,6688.5,52.71,160.0,63.87,True,At-Risk
INV003545,6,2024-01-27,2025-04-21,34569,5761.5,90.0,210.0,93.62,True,At-Risk
INV003556,6,2024-04-19,2025-05-12,37784,6297.33,77.6,129.0,44.61,True,At-Risk
INV003557,6,2024-04-03,2025-03-01,49343,8223.83,66.4,156.0,57.42,True,At-Risk
INV003558,7,2024-03-10,2024-10-31,76056,10865.14,39.17,66.0,20.82,True,At-Risk
INV003559,10,2024-01-25,2025-04-04,131836,13183.6,48.33,118.0,38.42,True,At-Risk
INV003562,7,2024-01-31,2025-05-28,77371,11053.0,80.5,165.0,52.25,True,At-Risk
INV003564,8,2024-01-06,2025-05-17,196080,24510.0,71.0,292.0,100.46,True,At-Risk
INV003580,7,2024-02-09,2025-04-17,64406,9200.86,72.17,227.0,79.18,True,At-Risk
INV003581,8,2024-06-03,2025-05-28,39296,4912.0,51.29,95.0,28.6,True,At-Risk
INV003582,7,2024-06-17,2025-04-09,74240,10605.71,49.33,167.0,63.78,True,At-Risk
INV003586,8,2024-04-20,2025-05-05,138874,17359.25,54.29,113.0,37.88,True,At-Risk
INV003592,6,2024-02-06,2025-02-18,69765,11627.5,75.6,202.0,83.31,True,At-Risk
INV003593,6,2024-02-12,2025-03-09,94754,15792.33,78.2,166.0,62.16,True,At-Risk
INV003598,8,2024-01-15,2025-05-05,28496,3562.0,68.0,114.0,36.13,True,At-Risk
INV003599,6,2024-01-24,2024-09-30,94188,15698.0,50.0,100.0,42.7,True,At-Risk
INV003601,9,2024-05-18,2025-05-15,59029,6558.78,45.25,118.0,34.41,True,At-Risk
INV003604,6,2024-01-15,2025-04-10,71928,11988.0,90.2,188.0,81.0,True,At-Risk
INV003607,6,2024-05-15,2025-05-02,24597,4099.5,70.4,253.0,103.18,True,At-Risk
INV003611,7,2024-04-01,2025-05-19,97349,13907.0,68.83,228.0,88.62,True,At-Risk
INV003613,8,2024-01-28,2025-05-14,85140,10642.5,67.43,283.0,99.81,True,At-Risk
INV003619,6,2024-05-14,2025-05-09,31477,5246.17,72.0,113.0,40.84,True,At-Risk
INV003625,6,2024-05-19,2025-03-27,87326,14554.33,62.4,168.0,63.14,True,At-Risk
INV003627,7,2024-05-25,2025-05-15,16009,2287.0,59.17,152.0,57.86,True,At-Risk
INV003630,7,2024-04-14,2025-02-20,32857,4693.86,52.0,96.0,34.06,True,At-Risk
INV003633,6,2024-03-26,2025-04-24,123491,20581.83,78.8,119.0,34.67,True,At-Risk
INV003634,6,2024-02-15,2024-10-11,65193,10865.5,47.8,83.0,38.01,True,At-Risk
INV003635,10,2024-01-28,2025-03-27,111446,11144.6,47.11,95.0,34.95,True,At-Risk
INV003641,8,2024-01-05,2025-04-18,91123,11390.38,67.0,219.0,74.65,True,At-Risk
INV003642,7,2024-01-24,2024-12-08,114117,16302.43,53.17,217.0,80.81,True,At-Risk
INV003645,6,2024-01-29,2025-05-19,18205,3034.17,95.2,257.0,92.38,True,At-Risk
INV003649,6,2024-01-22,2025-05-20,86339,14389.83,96.8,195.0,73.91,True,At-Risk
INV003650,11,2024-02-24,2025-01-28,43669,3969.91,33.9,86.0,26.99,False,Healthy Cadence
INV003654,7,2024-05-29,2025-05-27,112702,16100.29,60.5,124.0,37.31,True,At-Risk
INV003655,10,2024-02-13,2025-05-06,180197,18019.7,49.78,198.0,68.55,True,At-Risk
INV003658,8,2024-01-02,2025-05-11,44354,5544.25,70.71,143.0,54.91,True,At-Risk
INV003660,6,2024-02-16,2025-03-17,67446,11241.0,79.0,164.0,58.82,True,At-Risk
INV003669,7,2024-05-25,2025-04-11,90038,12862.57,53.5,98.0,26.24,True,At-Risk
INV003670,8,2024-01-01,2025-05-11,83061,10382.62,70.86,160.0,59.36,True,At-Risk
INV003672,6,2024-02-24,2025-03-16,129739,21623.17,77.2,180.0,61.94,True,At-Risk
INV003673,8,2024-01-16,2025-05-12,63876,7984.5,68.86,160.0,51.02,True,At-Risk
INV003678,6,2024-11-15,2025-04-28,49783,8297.17,32.8,45.0,13.03,False,Healthy Cadence
INV003681,9,2024-03-10,2025-04-22,26004,2889.33,51.0,101.0,26.38,True,At-Risk
INV003683,6,2024-01-11,2025-04-17,85416,14236.0,92.4,165.0,47.52,True,At-Risk
INV003684,6,2024-01-25,2025-05-30,50536,8422.67,98.2,229.0,94.16,True,At-Risk
INV003685,6,2024-04-19,2025-05-25,142912,23818.67,80.2,132.0,58.1,True,At-Risk
INV003686,6,2024-01-26,2025-05-23,70889,11814.83,96.6,328.0,133.49,True,At-Risk
INV003693,7,2024-01-17,2025-03-20,102514,14644.86,71.33,234.0,82.3,True,At-Risk
INV003695,7,2024-07-13,2025-05-19,31236,4462.29,51.67,157.0,61.52,True,At-Risk
INV003696,6,2024-04-14,2025-04-28,110522,18420.33,75.8,190.0,88.9,True,At-Risk
INV003697,7,2024-02-13,2025-05-18,97774,13967.71,76.67,163.0,78.07,True,At-Risk
INV003702,7,2024-01-13,2025-03-24,99074,14153.43,72.67,118.0,44.56,True,At-Risk
INV003705,6,2024-01-04,2025-02-01,114828,19138.0,78.8,152.0,63.27,True,At-Risk
INV003707,6,2024-01-04,2024-12-12,152934,25489.0,68.6,152.0,47.79,True,At-Risk
INV003708,7,2024-04-27,2025-04-25,27823,3974.71,60.5,104.0,30.2,True,At-Risk
INV003709,6,2024-04-22,2025-05-28,52354,8725.67,80.2,181.0,59.61,True,At-Risk
INV003710,6,2024-01-31,2025-02-27,86512,14418.67,78.6,118.0,41.17,True,At-Risk
INV003711,6,2024-01-28,2025-01-23,87930,14655.0,72.2,145.0,55.41,True,At-Risk
INV003712,6,2024-04-07,2025-05-10,64551,10758.5,79.6,163.0,60.18,True,At-Risk
INV003713,7,2024-01-08,2025-05-11,123416,17630.86,81.5,161.0,48.95,True,At-Risk
INV003718,6,2024-02-20,2025-05-22,81262,13543.67,91.4,284.0,110.3,True,At-Risk
INV003720,6,2024-03-09,2025-03-17,23110,3851.67,74.6,116.0,42.93,True,At-Risk
INV003722,7,2024-05-21,2025-03-21,192710,27530.0,50.67,135.0,50.56,True,At-Risk
INV003723,6,2024-02-23,2024-12-28,39630,6605.0,61.8,124.0,36.19,True,At-Risk
INV003724,7,2024-01-30,2025-03-13,80168,11452.57,68.0,169.0,65.5,True,At-Risk
INV003733,6,2024-01-12,2025-03-31,14893,2482.17,88.8,174.0,65.43,True,At-Risk
INV003734,8,2024-02-19,2025-04-07,69855,8731.88,59.0,290.0,102.56,True,At-Risk
INV003735,8,2024-03-29,2025-02-13,88089,11011.12,45.86,104.0,36.38,True,At-Risk
INV003736,7,2024-01-11,2025-04-18,58959,8422.71,77.17,120.0,24.68,True,At-Risk
INV003738,6,2024-08-25,2025-05-05,21307,3551.17,50.6,117.0,44.68,True,At-Risk
INV003740,7,2024-04-05,2025-02-10,122048,17435.43,51.83,172.0,63.33,True,At-Risk
INV003741,7,2024-01-18,2025-02-27,55275,7896.43,67.67,159.0,49.37,True,At-Risk
INV003744,6,2024-03-13,2025-05-21,23676,3946.0,86.8,187.0,60.16,True,At-Risk
INV003745,6,2024-04-07,2025-03-24,26414,4402.33,70.2,183.0,65.68,True,At-Risk
INV003748,8,2024-02-05,2025-03-04,41447,5180.88,56.14,182.0,58.39,True,At-Risk
INV003757,7,2024-01-17,2025-05-22,54152,7736.0,81.83,156.0,40.44,True,At-Risk
INV003761,8,2024-04-02,2025-03-31,29681,3710.12,51.86,150.0,52.17,True,At-Risk
INV003766,8,2024-02-21,2025-05-23,94475,11809.38,65.29,192.0,62.12,True,At-Risk
INV003767,9,2024-01-19,2025-02-02,129327,14369.67,47.5,125.0,37.4,True,At-Risk
INV003771,10,2024-01-12,2025-04-13,111757,11175.7,50.78,130.0,41.14,True,At-Risk
INV003772,9,2024-03-19,2024-12-20,28922,3213.56,34.5,72.0,25.05,False,Healthy Cadence
INV003775,6,2024-04-28,2025-05-03,112218,18703.0,74.0,151.0,68.25,True,At-Risk
INV003779,6,2024-03-30,2025-04-16,17001,2833.5,76.4,160.0,64.91,True,At-Risk
INV003780,8,2024-02-01,2025-03-09,76001,9500.12,57.43,135.0,49.62,True,At-Risk
INV003781,7,2024-02-07,2025-03-02,47391,6770.14,64.83,199.0,70.16,True,At-Risk
INV003785,6,2024-04-11,2025-04-17,113979,18996.5,74.2,160.0,53.99,True,At-Risk
INV003787,9,2024-01-09,2025-05-29,87076,9675.11,63.25,178.0,69.49,True,At-Risk
INV003793,7,2024-02-03,2025-04-12,134386,19198.0,72.33,203.0,85.99,True,At-Risk
INV003795,7,2024-01-05,2025-02-14,58273,8324.71,67.67,122.0,41.54,True,At-Risk
INV003811,7,2024-01-14,2025-04-30,133025,19003.57,78.67,141.0,41.61,True,At-Risk
INV003812,7,2024-07-02,2025-05-03,52802,7543.14,50.83,174.0,67.34,True,At-Risk
INV003813,6,2024-01-30,2025-03-16,64566,10761.0,82.2,122.0,31.04,True,At-Risk
INV003815,7,2024-02-07,2025-04-17,67344,9620.57,72.5,217.0,80.54,True,At-Risk
INV003824,7,2024-03-14,2025-05-17,89175,12739.29,71.5,196.0,72.48,True,At-Risk
INV003825,6,2024-03-22,2025-05-02,81324,13554.0,81.2,99.0,19.27,True,At-Risk
INV003828,7,2024-02-25,2024-08-27,130613,18659.0,30.67,109.0,39.54,False,Healthy Cadence
INV003829,10,2024-02-12,2025-04-24,46819,4681.9,48.56,159.0,46.49,True,At-Risk
INV003830,6,2024-01-24,2025-01-15,138223,23037.17,71.4,115.0,45.08,True,At-Risk
INV003844,7,2024-03-06,2025-04-21,80033,11433.29,68.5,197.0,72.27,True,At-Risk
INV003847,8,2024-05-31,2025-05-16,74501,9312.62,50.0,66.0,18.97,True,At-Risk
INV003849,6,2024-03-18,2025-04-08,155813,25968.83,77.2,146.0,42.05,True,At-Risk
INV003851,7,2024-06-02,2025-05-15,110621,15803.0,57.83,121.0,46.79,True,At-Risk
INV003860,6,2024-09-23,2025-05-11,134277,22379.5,46.0,72.0,29.15,True,At-Risk
INV003862,7,2024-02-25,2025-02-20,64749,9249.86,60.17,184.0,65.45,True,At-Risk
INV003865,7,2024-01-02,2025-05-27,47194,6742.0,85.17,235.0,102.94,True,At-Risk
INV003868,6,2024-02-26,2025-05-09,104999,17499.83,87.6,264.0,100.04,True,At-Risk
INV003872,9,2024-05-15,2025-05-13,147109,16345.44,45.38,85.0,26.38,True,At-Risk
INV003876,6,2024-03-08,2025-03-31,105794,17632.33,77.6,160.0,53.63,True,At-Risk
INV003880,8,2024-02-03,2025-05-28,52016,6502.0,68.57,193.0,67.15,True,At-Risk
INV003885,6,2024-06-06,2025-05-30,81864,13644.0,71.6,281.0,117.81,True,At-Risk
INV003892,10,2024-01-02,2025-05-13,134271,13427.1,55.22,114.0,32.74,True,At-Risk
INV003896,6,2024-02-12,2025-03-28,42369,7061.5,82.0,255.0,97.62,True,At-Risk
INV003897,6,2024-04-09,2025-04-02,83553,13925.5,71.6,144.0,56.23,True,At-Risk
INV003903,8,2024-02-07,2025-01-24,70037,8754.62,50.29,130.0,52.72,True,At-Risk
INV003905,7,2024-04-28,2025-05-08,70428,10061.14,62.5,103.0,24.6,True,At-Risk
INV003906,10,2024-01-13,2025-05-23,110358,11035.8,55.11,115.0,44.44,True,At-Risk
INV003912,6,2024-01-15,2024-12-23,11911,1985.17,68.6,195.0,81.01,True,At-Risk
INV003913,8,2024-02-09,2025-04-14,52158,6519.75,61.43,136.0,44.96,True,At-Risk
INV003916,6,2024-03-08,2025-02-07,84860,14143.33,67.2,114.0,44.74,True,At-Risk
INV003920,8,2024-01-17,2025-04-29,110581,13822.62,66.86,132.0,47.31,True,At-Risk
INV003936,6,2024-01-21,2025-04-13,111274,18545.67,89.6,227.0,87.32,True,At-Risk
INV003938,7,2024-02-10,2024-12-21,53978,7711.14,52.5,110.0,41.46,True,At-Risk
INV003940,7,2024-01-21,2025-03-20,88836,12690.86,70.67,151.0,48.14,True,At-Risk
INV003943,9,2024-04-22,2025-03-28,34838,3870.89,42.5,88.0,30.39,True,At-Risk
INV003945,7,2024-02-01,2025-01-04,109342,15620.29,56.33,175.0,64.2,True,At-Risk
INV003946,7,2024-01-14,2025-03-04,65153,9307.57,69.17,147.0,63.24,True,At-Risk
INV003948,7,2024-08-14,2025-05-03,125023,17860.43,43.67,101.0,37.57,True,At-Risk
INV003952,7,2024-04-20,2025-03-14,105758,15108.29,54.67,95.0,30.78,True,At-Risk
INV003958,6,2024-02-07,2025-04-10,67157,11192.83,85.6,133.0,51.28,True,At-Risk
INV003962,8,2024-01-21,2025-05-16,199896,24987.0,68.71,302.0,105.17,True,At-Risk
INV003964,10,2024-01-10,2025-04-15,123334,12333.4,51.22,130.0,44.6,True,At-Risk
INV003968,6,2024-01-31,2025-05-07,55226,9204.33,92.4,209.0,70.85,True,At-Risk
INV003972,6,2024-03-05,2025-04-30,128157,21359.5,84.2,224.0,81.77,True,At-Risk
INV003975,8,2024-05-11,2025-04-27,64647,8080.88,50.14,125.0,38.71,True,At-Risk
INV003978,8,2024-01-08,2025-04-29,45310,5663.75,68.14,209.0,70.48,True,At-Risk
INV003979,8,2024-02-29,2025-03-27,25613,3201.62,56.0,123.0,42.0,True,At-Risk
INV003981,7,2024-04-01,2025-05-12,81844,11692.0,67.67,237.0,85.87,True,At-Risk
INV003985,6,2024-01-19,2025-04-28,25396,4232.67,93.0,191.0,73.3,True,At-Risk
INV003996,6,2024-01-25,2025-05-15,97507,16251.17,95.2,244.0,112.23,True,At-Risk
INV004001,8,2024-06-10,2025-03-19,82786,10348.25,40.29,123.0,41.56,True,At-Risk
INV004004,10,2024-05-18,2025-05-20,126080,12608.0,40.78,88.0,30.82,True,At-Risk
INV004005,7,2024-03-09,2025-05-25,105889,15127.0,73.67,314.0,118.87,True,At-Risk
INV004007,7,2024-01-23,2024-09-12,30426,4346.57,38.83,102.0,37.05,True,At-Risk
INV004009,8,2024-02-17,2025-04-28,107439,13429.88,62.29,87.0,27.58,True,At-Risk
INV004014,9,2024-01-14,2025-05-23,90606,10067.33,61.88,182.0,58.0,True,At-Risk
INV004015,6,2024-01-31,2025-04-15,9734,1622.33,88.0,190.0,82.76,True,At-Risk
INV004017,7,2024-04-01,2024-11-30,30279,4325.57,40.5,85.0,30.66,True,At-Risk
INV004023,10,2024-02-12,2025-05-25,135403,13540.3,52.0,93.0,31.22,True,At-Risk
INV004037,6,2024-05-10,2025-05-18,45922,7653.67,74.6,137.0,55.57,True,At-Risk
INV004038,7,2024-03-07,2025-05-11,197810,28258.57,71.67,207.0,78.42,True,At-Risk
INV004049,6,2024-08-05,2025-04-03,24571,4095.17,48.2,83.0,28.08,True,At-Risk
INV004063,8,2024-04-13,2025-05-14,82106,10263.25,56.57,167.0,63.25,True,At-Risk
INV004066,7,2024-01-15,2025-04-10,60661,8665.86,75.17,319.0,127.59,True,At-Risk
INV004069,6,2024-01-16,2025-01-20,46504,7750.67,74.0,196.0,78.46,True,At-Risk
INV004070,7,2024-02-06,2025-03-18,33039,4719.86,67.67,170.0,56.0,True,At-Risk
INV004079,7,2024-01-21,2025-03-24,78640,11234.29,71.33,164.0,66.49,True,At-Risk
INV004085,7,2024-04-07,2025-05-22,104748,14964.0,68.33,260.0,96.92,True,At-Risk
INV004091,6,2024-03-24,2025-03-27,18538,3089.67,73.6,240.0,96.36,True,At-Risk
INV004094,6,2024-08-23,2025-05-29,67103,11183.83,55.8,167.0,62.86,True,At-Risk
INV004098,6,2024-06-23,2025-04-10,62582,10430.33,58.2,87.0,21.57,True,At-Risk
INV004099,6,2024-04-01,2025-01-20,82312,13718.67,58.8,174.0,66.15,True,At-Risk
INV004106,6,2024-02-24,2024-11-29,127689,21281.5,55.8,151.0,58.67,True,At-Risk
INV004112,6,2024-01-28,2024-10-30,39234,6539.0,55.2,112.0,42.87,True,At-Risk
INV004116,10,2024-01-18,2025-05-26,71428,7142.8,54.89,117.0,42.71,True,At-Risk
INV004118,6,2024-06-13,2025-05-02,33694,5615.67,64.6,161.0,56.63,True,At-Risk
INV004119,6,2024-03-29,2025-03-30,82689,13781.5,73.2,237.0,93.41,True,At-Risk
INV004123,6,2024-03-14,2025-05-13,74440,12406.67,85.0,138.0,44.24,True,At-Risk
INV004124,6,2024-06-09,2025-04-24,99942,16657.0,63.8,193.0,77.06,True,At-Risk
INV004125,9,2024-01-03,2025-05-10,109430,12158.89,61.62,142.0,56.21,True,At-Risk
INV004127,6,2024-01-02,2025-03-15,24949,4158.17,87.6,190.0,92.19,True,At-Risk
INV004128,6,2024-02-02,2025-01-03,95704,15950.67,67.2,156.0,54.57,True,At-Risk
INV004134,6,2024-01-06,2024-07-01,19310,3218.33,35.4,54.0,18.76,True,At-Risk
INV004135,10,2024-01-11,2025-04-06,66097,6609.7,50.11,164.0,53.69,True,At-Risk
INV004143,6,2024-01-22,2025-05-21,61426,10237.67,97.0,280.0,115.69,True,At-Risk
INV004145,6,2024-02-13,2025-01-09,27711,4618.5,66.2,144.0,48.26,True,At-Risk
INV004146,6,2024-02-12,2025-04-28,87690,14615.0,88.2,253.0,97.04,True,At-Risk
INV004147,6,2024-06-01,2025-05-28,66900,11150.0,72.2,136.0,45.17,True,At-Risk
INV004149,6,2024-05-12,2025-01-18,91943,15323.83,50.2,130.0,50.67,True,At-Risk
INV004151,8,2024-02-22,2025-05-09,110790,13848.75,63.14,197.0,71.31,True,At-Risk
INV004153,8,2024-04-04,2025-05-29,147218,18402.25,60.0,125.0,43.85,True,At-Risk
INV004154,12,2024-01-01,2025-05-29,173527,14460.58,46.73,90.0,29.19,True,At-Risk
INV004172,8,2024-01-10,2025-03-26,93496,11687.0,63.0,196.0,67.63,True,At-Risk
INV004174,6,2024-01-01,2025-03-09,189509,31584.83,86.6,195.0,65.93,True,At-Risk
INV004175,8,2024-01-22,2025-05-11,89272,11159.0,67.86,133.0,41.18,True,At-Risk
INV004177,8,2024-02-15,2024-12-29,43904,5488.0,45.43,117.0,37.51,True,At-Risk
INV004179,6,2024-04-14,2025-04-05,81566,13594.33,71.2,129.0,39.57,True,At-Risk
INV004181,6,2024-02-05,2025-05-17,151759,25293.17,93.4,245.0,94.44,True,At-Risk
INV004191,7,2024-01-27,2025-05-04,45090,6441.43,77.17,310.0,115.48,True,At-Risk
INV004196,7,2024-01-29,2025-05-13,129129,18447.0,78.33,219.0,75.65,True,At-Risk
INV004199,6,2024-04-16,2025-02-01,107979,17996.5,58.2,138.0,50.53,True,At-Risk
INV004202,9,2024-03-30,2025-04-15,91560,10173.33,47.62,114.0,37.52,True,At-Risk
INV004203,8,2024-01-22,2025-05-02,70384,8798.0,66.57,113.0,30.79,True,At-Risk
INV004208,6,2024-05-01,2025-05-03,57000,9500.0,73.4,156.0,56.15,True,At-Risk
INV004212,7,2024-03-29,2025-05-19,131156,18736.57,69.33,169.0,70.52,True,At-Risk
INV004216,7,2024-01-21,2025-05-27,67522,9646.0,82.0,195.0,72.05,True,At-Risk
INV004228,7,2024-02-29,2025-05-08,93293,13327.57,72.33,112.0,43.8,True,At-Risk
INV004232,6,2024-01-23,2025-01-14,31031,5171.83,71.4,232.0,93.44,True,At-Risk
INV004239,8,2024-02-26,2025-04-29,78887,9860.88,61.14,130.0,47.74,True,At-Risk
INV004241,10,2024-01-31,2025-05-28,103788,10378.8,53.67,117.0,40.56,True,At-Risk
INV004243,8,2024-02-12,2025-03-08,88380,11047.5,55.71,131.0,41.02,True,At-Risk
INV004246,7,2024-02-18,2024-09-10,97439,13919.86,34.17,64.0,14.82,False,Healthy Cadence
INV004247,6,2024-03-17,2025-05-27,72050,12008.33,87.2,274.0,109.24,True,At-Risk
INV004248,7,2024-02-25,2024-11-07,105673,15096.14,42.67,93.0,39.75,True,At-Risk
INV004258,7,2024-03-30,2025-01-22,26892,3841.71,49.67,105.0,33.61,True,At-Risk
INV004266,7,2024-01-10,2025-01-15,35786,5112.29,61.83,101.0,26.59,True,At-Risk
INV004267,7,2024-06-26,2025-05-12,70239,10034.14,53.33,109.0,42.41,True,At-Risk
INV004270,7,2024-03-28,2025-05-20,41505,5929.29,69.67,204.0,75.2,True,At-Risk
INV004271,6,2024-02-17,2025-03-22,65605,10934.17,79.8,157.0,64.6,True,At-Risk
INV004279,8,2024-02-26,2025-02-12,185997,23249.62,50.29,116.0,34.0,True,At-Risk
INV004281,8,2024-01-17,2024-11-04,144759,18094.88,41.71,93.0,36.26,True,At-Risk
INV004282,8,2024-04-15,2025-04-20,64136,8017.0,52.86,105.0,32.79,True,At-Risk
INV004285,7,2024-01-17,2025-04-18,92708,13244.0,76.17,169.0,68.4,True,At-Risk
INV004288,7,2024-01-25,2025-04-06,56841,8120.14,72.83,223.0,87.21,True,At-Risk
INV004289,11,2024-02-13,2025-05-17,42501,3863.73,45.9,201.0,58.15,True,At-Risk
INV004293,6,2024-02-07,2025-03-22,112638,18773.0,81.8,142.0,64.82,True,At-Risk
INV004295,9,2024-02-06,2025-01-29,72695,8077.22,44.75,119.0,37.23,True,At-Risk
INV004296,6,2024-01-02,2025-05-27,77419,12903.17,102.2,304.0,123.72,True,At-Risk
INV004297,9,2024-06-19,2025-05-20,122117,13568.56,41.88,82.0,28.09,True,At-Risk
INV004299,8,2024-02-29,2025-05-23,79344,9918.0,64.14,175.0,61.69,True,At-Risk
INV004306,7,2024-04-28,2025-04-05,74056,10579.43,57.0,118.0,44.45,True,At-Risk
INV004308,7,2024-01-01,2025-05-23,78626,11232.29,84.67,244.0,90.85,True,At-Risk
INV004314,6,2024-02-20,2025-04-10,112485,18747.5,83.0,195.0,72.89,True,At-Risk
INV004319,9,2024-01-15,2025-05-13,118001,13111.22,60.5,275.0,89.15,True,At-Risk
INV004321,9,2024-01-04,2024-12-05,112711,12523.44,42.0,84.0,25.83,True,At-Risk
INV004324,7,2024-02-07,2025-05-18,66304,9472.0,77.67,173.0,60.12,True,At-Risk
INV004326,10,2024-04-22,2025-04-18,113261,11326.1,40.11,78.0,25.79,True,At-Risk
INV004332,8,2024-02-21,2025-05-19,22464,2808.0,64.71,149.0,55.75,True,At-Risk
INV004335,8,2024-02-10,2025-05-06,97637,12204.62,64.43,104.0,36.09,True,At-Risk
INV004338,10,2024-02-05,2025-04-20,134505,13450.5,48.89,209.0,63.9,True,At-Risk
INV004340,6,2024-03-08,2025-02-10,48935,8155.83,67.8,252.0,106.68,True,At-Risk
INV004343,6,2024-06-15,2025-04-26,93065,15510.83,63.0,190.0,74.44,True,At-Risk
INV004348,6,2024-08-24,2025-05-12,151261,25210.17,52.2,120.0,40.55,True,At-Risk
INV004349,7,2024-02-20,2025-04-30,148067,21152.43,72.5,159.0,57.63,True,At-Risk
INV004356,6,2024-10-25,2025-03-28,27375,4562.5,30.8,81.0,31.6,False,Healthy Cadence
INV004357,8,2024-01-03,2025-05-24,52555,6569.38,72.43,305.0,105.67,True,At-Risk
INV004358,8,2024-02-14,2024-12-31,82583,10322.88,45.86,87.0,28.97,True,At-Risk
INV004361,8,2024-01-30,2025-04-05,23906,2988.25,61.57,124.0,47.41,True,At-Risk
INV004364,6,2024-02-10,2025-03-19,29363,4893.83,80.6,173.0,62.58,True,At-Risk
INV004367,6,2024-04-10,2025-05-23,144139,24023.17,81.6,194.0,97.51,True,At-Risk
INV004372,6,2024-04-12,2025-02-02,63764,10627.33,59.2,155.0,58.26,True,At-Risk
INV004391,6,2024-01-03,2024-10-14,48086,8014.33,57.0,96.0,33.05,True,At-Risk
INV004392,6,2024-01-30,2025-04-26,140197,23366.17,90.4,200.0,80.89,True,At-Risk
INV004400,8,2024-03-09,2025-01-29,187490,23436.25,46.57,104.0,40.99,True,At-Risk
INV004401,8,2024-01-12,2025-05-15,104242,13030.25,69.86,216.0,72.39,True,At-Risk
INV004403,6,2024-02-12,2025-02-14,14286,2381.0,73.6,150.0,49.91,True,At-Risk
INV004410,11,2024-03-02,2025-04-15,80237,7294.27,40.9,138.0,40.08,True,At-Risk
INV004411,6,2024-02-03,2024-12-04,72503,12083.83,61.0,111.0,43.24,True,At-Risk
INV004412,7,2024-01-06,2025-05-14,52390,7484.29,82.33,173.0,63.38,True,At-Risk
INV004413,8,2024-01-29,2025-05-26,86246,10780.75,69.0,142.0,59.29,True,At-Risk
INV004414,8,2024-01-02,2025-01-13,102062,12757.75,53.86,176.0,56.61,True,At-Risk
INV004421,6,2024-01-17,2025-04-15,74958,12493.0,90.8,221.0,91.65,True,At-Risk
INV004427,11,2024-01-07,2025-05-29,121193,11017.55,50.8,125.0,43.04,True,At-Risk
INV004434,6,2024-03-30,2025-05-27,79432,13238.67,84.6,156.0,69.58,True,At-Risk
INV004446,6,2024-05-17,2025-04-11,58236,9706.0,65.8,170.0,61.79,True,At-Risk
INV004447,7,2024-02-18,2024-12-13,111566,15938.0,49.83,129.0,46.69,True,At-Risk
INV004450,6,2024-01-08,2024-11-11,134333,22388.83,61.6,153.0,62.26,True,At-Risk
INV004451,6,2024-03-30,2025-05-24,88776,14796.0,84.0,137.0,52.36,True,At-Risk
INV004452,7,2024-01-05,2025-05-05,122309,17472.71,81.0,180.0,79.81,True,At-Risk
INV004454,6,2024-01-24,2025-05-30,64506,10751.0,98.4,311.0,121.0,True,At-Risk
INV004455,6,2024-08-14,2025-04-21,21070,3511.67,50.0,105.0,34.13,True,At-Risk
INV004457,6,2024-01-29,2025-03-11,76498,12749.67,81.4,188.0,68.58,True,At-Risk
INV004459,7,2024-03-15,2025-02-01,73438,10491.14,53.83,141.0,46.06,True,At-Risk
INV004460,9,2024-01-23,2024-12-28,22621,2513.44,42.5,93.0,28.59,True,At-Risk
INV004463,6,2024-01-18,2025-05-06,77554,12925.67,94.8,211.0,66.6,True,At-Risk
INV004464,7,2024-02-21,2025-03-02,40228,5746.86,62.5,142.0,40.52,True,At-Risk
INV004468,7,2024-02-11,2025-05-17,84516,12073.71,76.83,154.0,56.13,True,At-Risk
INV004472,7,2024-07-18,2025-05-18,33126,4732.29,50.67,156.0,59.27,True,At-Risk
INV004473,7,2024-01-21,2025-04-05,39115,5587.86,73.33,152.0,44.12,True,At-Risk
INV004475,7,2024-04-05,2025-05-17,82023,11717.57,67.83,87.0,13.64,True,At-Risk
INV004477,8,2024-04-06,2025-05-22,32359,4044.88,58.71,180.0,59.74,True,At-Risk
INV004484,6,2024-04-19,2025-02-21,55149,9191.5,61.6,182.0,80.52,True,At-Risk
INV004502,7,2024-01-02,2025-03-24,66742,9534.57,74.5,165.0,48.55,True,At-Risk
INV004504,8,2024-02-21,2025-03-13,132537,16567.12,55.14,247.0,87.54,True,At-Risk
INV004511,6,2024-10-04,2025-04-08,43556,7259.33,37.2,89.0,30.53,True,At-Risk
INV004517,6,2024-02-03,2025-04-11,23579,3929.83,86.6,185.0,61.84,True,At-Risk
INV004521,7,2024-05-10,2025-04-02,106363,15194.71,54.5,76.0,21.09,True,At-Risk
INV004523,6,2024-02-26,2025-05-07,50318,8386.33,87.2,127.0,35.32,True,At-Risk
INV004528,7,2024-07-01,2025-05-21,138706,19815.14,54.0,149.0,52.73,True,At-Risk
INV004531,8,2024-02-27,2025-04-22,185354,23169.25,60.0,159.0,54.07,True,At-Risk
INV004533,7,2024-05-26,2025-04-21,125539,17934.14,55.0,118.0,34.96,True,At-Risk
INV004542,7,2024-02-14,2024-09-05,59894,8556.29,34.0,59.0,25.07,False,Healthy Cadence
INV004547,7,2024-04-04,2025-05-14,31048,4435.43,67.5,165.0,60.45,True,At-Risk
INV004555,8,2024-04-26,2025-05-03,111824,13978.0,53.14,151.0,48.56,True,At-Risk
INV004560,9,2024-02-26,2025-03-19,83591,9287.89,48.38,107.0,31.15,True,At-Risk
INV004562,6,2024-01-03,2025-02-25,22466,3744.33,83.8,158.0,62.05,True,At-Risk
INV004563,7,2024-04-23,2025-05-17,31702,4528.86,64.83,211.0,74.81,True,At-Risk
INV004574,8,2024-03-23,2025-04-09,74831,9353.88,54.57,116.0,45.8,True,At-Risk
INV004576,6,2024-04-27,2025-03-08,20595,3432.5,63.0,132.0,59.25,True,At-Risk
INV004579,8,2024-03-24,2025-01-25,26842,3355.25,43.86,77.0,29.75,True,At-Risk
INV004581,8,2024-01-03,2025-05-22,22116,2764.5,72.14,234.0,75.68,True,At-Risk
INV004589,6,2024-01-28,2025-01-19,114379,19063.17,71.4,225.0,92.76,True,At-Risk
INV004594,8,2024-03-08,2025-04-26,84370,10546.25,59.14,122.0,47.67,True,At-Risk
INV004598,6,2024-02-05,2025-04-01,57630,9605.0,84.2,195.0,63.08,True,At-Risk
INV004602,9,2024-01-04,2025-04-25,105254,11694.89,59.62,242.0,78.66,True,At-Risk
INV004607,8,2024-03-06,2025-04-02,50699,6337.38,56.0,214.0,73.36,True,At-Risk
INV004608,8,2024-02-04,2025-02-23,54558,6819.75,55.0,96.0,36.18,True,At-Risk
INV004611,7,2024-02-11,2024-12-14,141572,20224.57,51.17,217.0,82.44,True,At-Risk
INV004614,6,2024-03-09,2025-04-11,64197,10699.5,79.6,117.0,39.97,True,At-Risk
INV004617,9,2024-02-02,2024-12-12,110799,12311.0,39.25,83.0,29.77,True,At-Risk
INV004621,9,2024-01-13,2025-03-22,102050,11338.89,54.25,203.0,63.75,True,At-Risk
INV004625,6,2024-02-03,2025-05-30,78521,13086.83,96.4,246.0,90.58,True,At-Risk
INV004629,8,2024-01-19,2025-04-15,146298,18287.25,64.57,175.0,62.74,True,At-Risk
INV004630,9,2024-01-17,2025-02-25,110756,12306.22,50.62,95.0,34.7,True,At-Risk
INV004631,8,2024-02-10,2025-05-08,69846,8730.75,64.71,109.0,38.34,True,At-Risk
INV004633,7,2024-01-30,2025-05-13,67555,9650.71,78.17,189.0,72.54,True,At-Risk
INV004635,7,2024-03-07,2025-02-22,85919,12274.14,58.67,142.0,51.35,True,At-Risk
INV004636,6,2024-02-26,2025-03-10,130293,21715.5,75.6,160.0,74.89,True,At-Risk
INV004638,7,2024-04-23,2025-03-15,62637,8948.14,54.33,110.0,35.79,True,At-Risk
INV004640,7,2024-03-26,2025-05-10,41628,5946.86,68.33,202.0,71.11,True,At-Risk
INV004641,6,2024-02-13,2025-01-17,64235,10705.83,67.8,105.0,37.27,True,At-Risk
INV004642,6,2024-02-23,2024-11-23,80404,13400.67,54.8,232.0,99.94,True,At-Risk
INV004643,6,2024-02-09,2024-10-19,119017,19836.17,50.6,101.0,31.34,True,At-Risk
INV004646,7,2024-04-03,2025-04-25,73768,10538.29,64.5,158.0,65.42,True,At-Risk
INV004647,7,2024-01-23,2025-03-22,39400,5628.57,70.67,138.0,55.66,True,At-Risk
INV004650,6,2024-02-06,2025-03-16,52840,8806.67,80.8,143.0,52.83,True,At-Risk
INV004661,8,2024-01-21,2025-05-23,73293,9161.62,69.71,181.0,61.14,True,At-Risk
INV004665,6,2024-02-29,2025-04-21,28833,4805.5,83.4,137.0,45.32,True,At-Risk
INV004672,7,2024-01-21,2025-03-28,96541,13791.57,72.0,127.0,37.26,True,At-Risk
INV004680,7,2024-07-07,2025-04-16,22796,3256.57,47.17,155.0,58.21,True,At-Risk
INV004682,9,2024-01-04,2024-12-07,189171,21019.0,42.25,105.0,31.69,True,At-Risk
INV004688,6,2024-01-21,2025-02-12,25122,4187.0,77.6,181.0,67.92,True,At-Risk
INV004692,6,2024-01-22,2025-03-15,68610,11435.0,83.6,190.0,72.2,True,At-Risk
INV004701,7,2024-01-31,2024-05-30,40757,5822.43,20.0,82.0,30.68,False,Healthy Cadence
INV004704,6,2024-01-17,2025-04-30,86091,14348.5,93.8,141.0,55.43,True,At-Risk
INV004712,8,2024-03-18,2025-02-21,119402,14925.25,48.57,84.0,30.29,True,At-Risk
INV004715,7,2024-06-22,2025-05-29,95968,13709.71,56.83,169.0,62.05,True,At-Risk
INV004716,7,2024-03-10,2025-05-28,67590,9655.71,74.0,197.0,87.73,True,At-Risk
INV004737,10,2024-01-20,2025-05-25,96021,9602.1,54.56,120.0,40.58,True,At-Risk
INV004738,6,2024-01-25,2025-05-05,47110,7851.67,93.2,148.0,53.78,True,At-Risk
INV004741,7,2024-01-29,2025-04-07,75811,10830.14,72.33,157.0,58.86,True,At-Risk
INV004753,6,2024-07-01,2025-05-04,55874,9312.33,61.4,87.0,34.54,True,At-Risk
INV004755,7,2024-04-19,2025-04-21,46605,6657.86,61.17,181.0,64.53,True,At-Risk
INV004761,6,2024-01-13,2025-01-04,42001,7000.17,71.4,139.0,51.2,True,At-Risk
INV004763,7,2024-01-10,2025-05-25,49983,7140.43,83.5,184.0,71.35,True,At-Risk
INV004764,6,2024-03-13,2025-05-02,35426,5904.33,83.0,144.0,51.29,True,At-Risk
INV004770,8,2024-01-04,2025-05-28,133901,16737.62,72.86,146.0,43.44,True,At-Risk
INV004776,9,2024-02-11,2025-05-15,81198,9022.0,57.38,145.0,43.55,True,At-Risk
INV004780,7,2024-02-21,2025-04-13,69763,9966.14,69.5,154.0,55.68,True,At-Risk
INV004785,7,2024-03-02,2025-04-03,54819,7831.29,66.17,248.0,90.39,True,At-Risk
INV004787,7,2024-03-19,2025-05-27,59162,8451.71,72.33,140.0,41.34,True,At-Risk
INV004798,7,2024-01-25,2024-12-12,63589,9084.14,53.67,106.0,32.84,True,At-Risk
INV004804,6,2024-04-11,2025-05-12,105080,17513.33,79.2,137.0,47.56,True,At-Risk
INV004805,7,2024-07-05,2025-03-30,90625,12946.43,44.67,92.0,28.06,True,At-Risk
INV004807,8,2024-08-19,2025-05-04,33686,4210.75,36.86,86.0,32.63,True,At-Risk
INV004813,6,2024-01-31,2024-12-06,82203,13700.5,62.0,253.0,107.86,True,At-Risk
INV004819,7,2024-03-09,2025-03-16,16931,2418.71,62.0,120.0,41.63,True,At-Risk
INV004825,7,2024-03-11,2025-05-05,49187,7026.71,70.0,141.0,45.95,True,At-Risk
INV004833,6,2024-05-27,2025-04-19,58795,9799.17,65.4,171.0,73.26,True,At-Risk
INV004834,9,2024-02-05,2024-12-10,172198,19133.11,38.62,106.0,33.4,True,At-Risk
INV004840,7,2024-05-22,2025-01-23,22257,3179.57,41.0,103.0,41.52,True,At-Risk
INV004843,8,2024-04-07,2025-03-29,74856,9357.0,50.86,153.0,46.7,True,At-Risk
INV004844,7,2024-04-24,2025-05-29,25433,3633.29,66.67,118.0,53.74,True,At-Risk
INV004845,6,2024-01-25,2025-03-09,90582,15097.0,81.8,197.0,65.1,True,At-Risk
INV004847,7,2024-01-27,2025-04-12,51384,7340.57,73.5,281.0,103.65,True,At-Risk
INV004848,9,2024-01-17,2025-03-25,116418,12935.33,54.12,166.0,53.75,True,At-Risk
INV004860,6,2024-03-04,2025-03-31,42106,7017.67,78.4,189.0,72.31,True,At-Risk
INV004863,7,2024-03-18,2025-04-30,35988,5141.14,68.0,220.0,75.99,True,At-Risk
INV004864,8,2024-03-05,2025-01-02,85458,10682.25,43.29,114.0,38.63,True,At-Risk
INV004865,7,2024-02-20,2025-05-23,103440,14777.14,76.33,143.0,43.45,True,At-Risk
INV004868,8,2024-04-13,2025-05-10,125207,15650.88,56.0,226.0,80.55,True,At-Risk
INV004871,8,2024-01-10,2025-05-08,163615,20451.88,69.14,170.0,52.8,True,At-Risk
INV004877,7,2024-01-14,2025-05-11,74162,10594.57,80.5,276.0,104.08,True,At-Risk
INV004889,7,2024-01-28,2025-03-27,65286,9326.57,70.67,159.0,46.12,True,At-Risk
INV004891,8,2024-02-08,2025-03-05,122650,15331.25,55.86,128.0,41.2,True,At-Risk
INV004896,6,2024-02-13,2025-03-16,125806,20967.67,79.4,252.0,103.58,True,At-Risk
INV004901,6,2024-06-18,2025-03-18,148100,24683.33,54.6,96.0,30.72,True,At-Risk
INV004911,7,2024-01-20,2025-02-05,86745,12392.14,63.67,97.0,29.63,True,At-Risk
INV004913,6,2024-03-12,2025-05-21,93099,15516.5,87.0,156.0,44.45,True,At-Risk
INV004916,7,2024-01-16,2025-04-13,93354,13336.29,75.5,162.0,63.97,True,At-Risk
INV004917,7,2024-06-14,2025-04-16,108261,15465.86,51.0,77.0,27.63,True,At-Risk
INV004924,9,2024-01-10,2025-05-02,166708,18523.11,59.75,116.0,38.89,True,At-Risk
INV004925,7,2024-01-30,2025-03-30,51377,7339.57,70.83,105.0,33.43,True,At-Risk
INV004926,8,2024-02-21,2025-05-30,93001,11625.12,66.29,133.0,40.48,True,At-Risk
INV004927,7,2024-02-25,2024-09-17,95667,13666.71,34.17,63.0,25.0,False,Healthy Cadence
INV004947,6,2024-02-02,2024-09-14,52036,8672.67,45.0,75.0,31.02,True,At-Risk
INV004953,7,2024-02-15,2025-03-24,50981,7283.0,67.17,138.0,43.46,True,At-Risk
INV004956,8,2024-02-17,2025-04-06,51297,6412.12,59.14,155.0,51.96,True,At-Risk
INV004958,7,2024-01-10,2025-03-24,146343,20906.14,73.17,135.0,34.22,True,At-Risk
INV004959,6,2024-01-24,2025-01-01,32047,5341.17,68.6,193.0,75.51,True,At-Risk
INV004967,6,2024-03-26,2025-02-05,35869,5978.17,63.2,112.0,46.61,True,At-Risk
INV004973,9,2024-02-14,2025-04-29,90235,10026.11,55.0,99.0,32.12,True,At-Risk
INV004974,8,2024-04-12,2025-04-14,87162,10895.25,52.43,102.0,35.26,True,At-Risk
INV004978,7,2024-03-31,2025-04-18,88463,12637.57,63.83,157.0,60.68,True,At-Risk
INV004981,8,2024-01-05,2024-12-14,53117,6639.62,49.14,115.0,40.35,True,At-Risk
INV004983,7,2024-01-16,2024-12-27,172616,24659.43,57.67,128.0,54.61,True,At-Risk
INV004984,7,2024-01-31,2025-04-27,94301,13471.57,75.33,177.0,80.41,True,At-Risk
INV004986,7,2024-01-27,2025-05-29,68422,9774.57,81.33,185.0,73.68,True,At-Risk
INV004992,7,2024-01-05,2025-05-08,71260,10180.0,81.5,176.0,54.67,True,At-Risk
INV004996,10,2024-03-04,2025-04-25,84912,8491.2,46.33,104.0,32.34,True,At-Risk
INV004997,7,2024-02-27,2025-04-28,128346,18335.14,71.0,248.0,89.57,True,At-Risk
